datetime,exchange,segment,symbol,scrip_name,side,amount,quantity,price,expiry_date
2021-10-26 00:00:00,NSE,EQ,PNB,PUNJAB NATIONAL BANK,BUY,90.7,2,45.35,
2021-10-28 00:00:00,NSE,EQ,BANKBARODA,BANK OF BARODA,BUY,100.2,1,100.2,
2021-11-08 00:00:00,NSE,EQ,BANKBARODA,BANK OF BARODA,SELL,103.2,1,103.2,
2021-11-15 00:00:00,NSE,EQ,LLOYDSENGG,LLOYDS ENGG WORK LIMITED,BUY,24.9,3,8.3,
2021-11-22 00:00:00,NSE,EQ,LLOYDSENGG,LLOYDS ENGG WORK LIMITED,BUY,67.55,7,9.65,
2021-11-24 00:00:00,NSE,EQ,LLOYDSENGG,LLOYDS ENGG WORK LIMITED,BUY,553.5,50,11.07,
2021-11-24 00:00:00,NSE,EQ,CTL,CAPITAL TRADE LINKS LTD,BUY,73.5,10,7.35,
2021-11-24 00:00:00,NSE,EQ,LLOYDSENGG,LLOYDS ENGG WORK LIMITED,BUY,442.8,40,11.07,
2021-11-25 00:00:00,NSE,EQ,CTL,CAPITAL TRADE LINKS LTD,BUY,121.1,14,8.65,
2021-11-25 00:00:00,NSE,EQ,YAMNINV,YAMINI INVESTMENTS COMPANY LTD,BUY,97.0,100,0.97,
2021-11-26 00:00:00,NSE,EQ,TTML,TATA TELESERV(MAHARASTRA),SELL,714.0,7,102.0,
2021-11-26 00:00:00,NSE,EQ,VIRTUALG,VIRTUAL GLOBAL EDUCATION LTD.,BUY,97.0,100,0.97,
2021-11-26 00:00:00,NSE,EQ,TTML,TATA TELESERV(MAHARASTRA),BUY,694.4,7,99.2,
2021-11-26 00:00:00,NSE,EQ,TTML,TATA TELESERV(MAHARASTRA),SELL,4386.0,43,102.0,
2021-11-26 00:00:00,NSE,EQ,VIRTUALG,VIRTUAL GLOBAL EDUCATION LTD.,BUY,93.0,100,0.93,
2021-11-26 00:00:00,NSE,EQ,VIRTUALG,VIRTUAL GLOBAL EDUCATION LTD.,BUY,94.0,100,0.94,
2021-11-26 00:00:00,NSE,EQ,TTML,TATA TELESERV(MAHARASTRA),SELL,5100.0,50,102.0,
2021-11-26 00:00:00,NSE,EQ,VIRTUALG,VIRTUAL GLOBAL EDUCATION LTD.,BUY,90.0,100,0.9,
2021-11-26 00:00:00,NSE,EQ,TTML,TATA TELESERV(MAHARASTRA),BUY,1292.85,13,99.45,
2021-11-26 00:00:00,NSE,EQ,TTML,TATA TELESERV(MAHARASTRA),BUY,4044.15,43,94.05,
2021-11-26 00:00:00,NSE,EQ,TTML,TATA TELESERV(MAHARASTRA),BUY,4862.5,50,97.25,
2021-11-26 00:00:00,NSE,EQ,TTML,TATA TELESERV(MAHARASTRA),BUY,676.2,7,96.6,
2021-11-29 00:00:00,NSE,EQ,SINTEX,SINTEX INDUSTRIES LTD,BUY,9953.0,740,13.45,
2021-11-29 00:00:00,NSE,EQ,CTL,CAPITAL TRADE LINKS LTD,BUY,5140.8,476,10.8,
2021-11-29 00:00:00,NSE,EQ,TTML,TATA TELESERV(MAHARASTRA),SELL,9004.8,84,107.2,
2021-11-29 00:00:00,NSE,EQ,TTML,TATA TELESERV(MAHARASTRA),SELL,7075.2,66,107.2,
2021-11-29 00:00:00,NSE,EQ,TTML,TATA TELESERV(MAHARASTRA),BUY,1953.0,20,97.65,
2021-11-29 00:00:00,NSE,EQ,TTML,TATA TELESERV(MAHARASTRA),BUY,8202.6,84,97.65,
2021-11-29 00:00:00,NSE,EQ,CTL,CAPITAL TRADE LINKS LTD,BUY,3499.2,324,10.8,
2021-11-29 00:00:00,NSE,EQ,TTML,TATA TELESERV(MAHARASTRA),BUY,6996.0,66,106.0,
2021-11-29 00:00:00,NSE,EQ,GREENPOWER,ORIENT GREEN POWER CO LTD,BUY,1850.0,200,9.25,
2021-11-29 00:00:00,NSE,EQ,CTL,CAPITAL TRADE LINKS LTD,BUY,367.2,34,10.8,
2021-11-29 00:00:00,NSE,EQ,GREENPOWER,ORIENT GREEN POWER CO LTD,BUY,2775.0,300,9.25,
2021-11-29 00:00:00,NSE,EQ,CTL,CAPITAL TRADE LINKS LTD,BUY,1782.0,165,10.8,
2021-11-29 00:00:00,NSE,EQ,LLOYDSENGG,LLOYDS ENGG WORK LIMITED,BUY,11250.0,900,12.5,
2021-11-29 00:00:00,NSE,EQ,CTL,CAPITAL TRADE LINKS LTD,BUY,10.8,1,10.8,
2021-11-29 00:00:00,NSE,EQ,LLOYDSENGG,LLOYDS ENGG WORK LIMITED,BUY,2500.0,200,12.5,
2021-11-29 00:00:00,NSE,EQ,LLOYDSENGG,LLOYDS ENGG WORK LIMITED,BUY,1250.0,100,12.5,
2021-11-29 00:00:00,NSE,EQ,LLOYDSENGG,LLOYDS ENGG WORK LIMITED,BUY,3750.0,300,12.5,
2021-12-02 00:00:00,NSE,EQ,VIRTUALG,VIRTUAL GLOBAL EDUCATION LTD.,BUY,348.0,300,1.16,
2021-12-03 00:00:00,NSE,EQ,VIRTUALG,VIRTUAL GLOBAL EDUCATION LTD.,SELL,111.0,100,1.11,
2021-12-03 00:00:00,NSE,EQ,VIRTUALG,VIRTUAL GLOBAL EDUCATION LTD.,SELL,111.0,100,1.11,
2021-12-03 00:00:00,NSE,EQ,VIRTUALG,VIRTUAL GLOBAL EDUCATION LTD.,SELL,111.0,100,1.11,
2021-12-03 00:00:00,NSE,EQ,VIRTUALG,VIRTUAL GLOBAL EDUCATION LTD.,SELL,111.0,100,1.11,
2021-12-10 00:00:00,NSE,EQ,TRIDENT,TRIDENT LIMITED,BUY,2800.0,50,56.0,
2021-12-15 00:00:00,NSE,EQ,HFCL,HFCL LIMITED,BUY,825.5,10,82.55,
2021-12-20 00:00:00,NSE,EQ,JPPOWER,JAIPRAKASH POWER VEN. LTD,BUY,96.0,20,4.8,
2021-12-21 00:00:00,NSE,EQ,VIRTUALG,VIRTUAL GLOBAL EDUCATION LTD.,BUY,318.0,200,1.59,
2021-12-21 00:00:00,NSE,EQ,SUZLON,SUZLON ENERGY LIMITED,BUY,365.0,50,7.3,
2021-12-21 00:00:00,NSE,EQ,TATAPOWER,TATA POWER CO LTD,BUY,4293.0,20,214.65,
2021-12-21 00:00:00,NSE,EQ,JPPOWER,JAIPRAKASH POWER VEN. LTD,BUY,150.0,30,5.0,
2021-12-21 00:00:00,NSE,EQ,HFCL,HFCL LIMITED,BUY,1154.25,15,76.95,
2021-12-21 00:00:00,NSE,EQ,PRAKASHSTL,PRAKASH STEELAGE LTD,BUY,52.0,10,5.2,
2021-12-21 00:00:00,NSE,EQ,PRAKASHSTL,PRAKASH STEELAGE LTD,BUY,52.0,10,5.2,
2021-12-22 00:00:00,NSE,EQ,BCG,BRIGHTCOM GROUP LIMITED,BUY,3717.0,20,185.85,
2021-12-22 00:00:00,NSE,EQ,EXIDEIND,EXIDE INDUSTRIES LTD,BUY,7912.5,50,158.25,
2021-12-22 00:00:00,NSE,EQ,PRAKASHSTL,PRAKASH STEELAGE LTD,BUY,49.5,10,4.95,
2021-12-22 00:00:00,NSE,EQ,PRAKASHSTL,PRAKASH STEELAGE LTD,BUY,50.0,10,5.0,
2021-12-22 16:00:00,NSE,EQ,EXIDEIND,EXIDE INDUSTRIES LTD,SELL,7965.0,50,159.3,
2021-12-23 00:00:00,NSE,EQ,PNB,PUNJAB NATIONAL BANK,SELL,75.9,2,37.95,
2021-12-23 00:00:00,NSE,EQ,SINTEX,SINTEX INDUSTRIES LTD,SELL,10101.0,740,13.65,
2021-12-23 00:00:00,NSE,EQ,TTML,TATA TELESERV(MAHARASTRA),BUY,1541.0,10,154.1,
2021-12-24 00:00:00,NSE,EQ,TTML,TATA TELESERV(MAHARASTRA),BUY,4854.0,30,161.8,
2021-12-24 00:00:00,NSE,EQ,BCG,BRIGHTCOM GROUP LIMITED,BUY,4000.0,20,200.0,
2021-12-24 00:00:00,NSE,EQ,DATAPATTNS,DATA PATTERNS INDIA LTD,BUY,1592.0,2,796.0,
2021-12-24 00:00:00,NSE,EQ,SWORDEDGE,SWORD-EDGE COMMERCIALS LIMITED,BUY,230.0,200,1.15,
2021-12-24 00:00:00,NSE,EQ,TTML,TATA TELESERV(MAHARASTRA),BUY,3236.0,20,161.8,
2021-12-27 00:00:00,NSE,EQ,KPEL,K.P. ENERGY LIMITED,BUY,2371.0,20,118.55,
2021-12-27 00:00:00,NSE,EQ,CTL,CAPITAL TRADE LINKS LTD,SELL,150.5,14,10.75,
2021-12-27 00:00:00,NSE,EQ,CTL,CAPITAL TRADE LINKS LTD,SELL,5117.0,476,10.75,
2021-12-27 00:00:00,NSE,EQ,RTNINDIA,RATTANINDIA ENT LIMITED,BUY,460.0,10,46.0,
2021-12-27 00:00:00,NSE,EQ,URJA,URJA GLOBAL LIMITED,BUY,850.0,50,17.0,
2021-12-27 00:00:00,NSE,EQ,CTL,CAPITAL TRADE LINKS LTD,SELL,107.5,10,10.75,
2021-12-27 00:00:00,NSE,EQ,KPEL,K.P. ENERGY LIMITED,BUY,2371.0,20,118.55,
2021-12-28 00:00:00,NSE,EQ,SWORDEDGE,SWORD-EDGE COMMERCIALS LIMITED,BUY,252.0,200,1.26,
2021-12-29 00:00:00,NSE,EQ,JPPOWER,JAIPRAKASH POWER VEN. LTD,BUY,332.5,50,6.65,
2021-12-29 00:00:00,NSE,EQ,PRAKASHSTL,PRAKASH STEELAGE LTD,BUY,922.5,150,6.15,
2021-12-29 00:00:00,NSE,EQ,PRAKASHSTL,PRAKASH STEELAGE LTD,BUY,302.5,50,6.05,
2021-12-29 00:00:00,NSE,EQ,RTNINDIA,RATTANINDIA ENT LIMITED,BUY,1924.0,40,48.1,
2021-12-29 00:00:00,NSE,EQ,RTNPOWER,RATTANINDIA POWER LIMITED,BUY,337.5,50,6.75,
2021-12-29 00:00:00,NSE,EQ,SUZLON,SUZLON ENERGY LIMITED,BUY,223.75,25,8.95,
2021-12-30 00:00:00,NSE,EQ,CRESSAN,CRESSANDA SOLUTIONS LTD.,BUY,6.17,1,6.17,
2021-12-30 00:00:00,NSE,EQ,CRESSAN,CRESSANDA SOLUTIONS LTD.,BUY,117.23,19,6.17,
2021-12-31 00:00:00,NSE,EQ,CRESSAN,CRESSANDA SOLUTIONS LTD.,BUY,1294.0,200,6.47,
2021-12-31 00:00:00,NSE,EQ,CRESSAN,CRESSANDA SOLUTIONS LTD.,BUY,64.7,10,6.47,
2021-12-31 00:00:00,NSE,EQ,KPEL,K.P. ENERGY LIMITED,BUY,1141.5,10,114.15,
2021-12-31 00:00:00,NSE,EQ,KPEL,K.P. ENERGY LIMITED,BUY,1141.5,10,114.15,
2021-12-31 00:00:00,NSE,EQ,KPITTECH,KPIT TECHNOLOGIES LIMITED,BUY,6123.0,10,612.3,
2021-12-31 00:00:00,NSE,EQ,VIJIFIN,VIJI FINANCE LIMITED,BUY,312.5,50,6.25,
2021-12-31 00:00:00,NSE,EQ,VIJIFIN,VIJI FINANCE LIMITED,BUY,312.5,50,6.25,
2022-01-03 00:00:00,NSE,EQ,CRESSAN,CRESSANDA SOLUTIONS LTD.,BUY,169.75,25,6.79,
2022-01-03 00:00:00,NSE,EQ,CRESSAN,CRESSANDA SOLUTIONS LTD.,BUY,169.75,25,6.79,
2022-01-03 00:00:00,NSE,EQ,TRIDENT,TRIDENT LIMITED,BUY,537.5,10,53.75,
2022-01-03 00:00:00,NSE,EQ,RTNPOWER,RATTANINDIA POWER LIMITED,BUY,770.0,100,7.7,
2022-01-03 00:00:00,NSE,EQ,CRESSAN,CRESSANDA SOLUTIONS LTD.,BUY,135.8,20,6.79,
2022-01-03 00:00:00,NSE,EQ,CTL,CAPITAL TRADE LINKS LTD,SELL,4159.8,324,12.84,
2022-01-03 00:00:00,NSE,EQ,GITARENEW,GITA RENEWABLE ENERGY LIMITED,BUY,1332.0,5,266.4,
2022-01-03 00:00:00,NSE,EQ,RTNPOWER,RATTANINDIA POWER LIMITED,BUY,382.5,50,7.65,
2022-01-04 00:00:00,NSE,EQ,RTNINDIA,RATTANINDIA ENT LIMITED,BUY,1032.0,20,51.6,
2022-01-04 00:00:00,NSE,EQ,SUZLON,SUZLON ENERGY LIMITED,BUY,51.0,5,10.2,
2022-01-04 00:00:00,NSE,EQ,SUZLON,SUZLON ENERGY LIMITED,BUY,212.0,20,10.6,
2022-01-04 00:00:00,NSE,EQ,SUZLON,SUZLON ENERGY LIMITED,BUY,816.0,80,10.2,
2022-01-04 00:00:00,NSE,EQ,URJA,URJA GLOBAL LIMITED,BUY,1140.0,50,22.8,
2022-01-05 00:00:00,NSE,EQ,FCSSOFT,FCS SOFTWARE SOLN. LTD.,BUY,972.0,150,6.48,
2022-01-05 00:00:00,NSE,EQ,VIKASLIFE,VIKAS LIFECARE LIMITED,BUY,460.0,100,4.6,
2022-01-06 00:00:00,NSE,EQ,BCG,BRIGHTCOM GROUP LIMITED,BUY,6032.0,40,150.8,
2022-01-06 00:00:00,NSE,EQ,BCG,BRIGHTCOM GROUP LIMITED,BUY,773.0,5,154.6,
2022-01-06 00:00:00,NSE,EQ,RTNPOWER,RATTANINDIA POWER LIMITED,BUY,43.8,6,7.3,
2022-01-06 00:00:00,NSE,EQ,RTNPOWER,RATTANINDIA POWER LIMITED,BUY,2175.6,294,7.4,
2022-01-06 00:00:00,NSE,EQ,RTNPOWER,RATTANINDIA POWER LIMITED,BUY,44.4,6,7.4,
2022-01-06 00:00:00,NSE,EQ,SUZLON,SUZLON ENERGY LIMITED,BUY,96.0,10,9.6,
2022-01-06 00:00:00,NSE,EQ,SUZLON,SUZLON ENERGY LIMITED,BUY,96.0,10,9.6,
2022-01-06 00:00:00,NSE,EQ,SUZLON,SUZLON ENERGY LIMITED,BUY,97.5,10,9.75,
2022-01-06 00:00:00,NSE,EQ,SUZLON,SUZLON ENERGY LIMITED,BUY,388.0,40,9.7,
2022-01-06 00:00:00,NSE,EQ,TRIDENT,TRIDENT LIMITED,BUY,533.5,10,53.35,
2022-01-06 00:00:00,NSE,EQ,TRIDENT,TRIDENT LIMITED,BUY,1072.0,20,53.6,
2022-01-06 00:00:00,NSE,EQ,BCG,BRIGHTCOM GROUP LIMITED,BUY,1500.0,10,150.0,
2022-01-07 00:00:00,NSE,EQ,RTNPOWER,RATTANINDIA POWER LIMITED,BUY,700.3,94,7.45,
2022-01-07 00:00:00,NSE,EQ,RTNPOWER,RATTANINDIA POWER LIMITED,BUY,750.0,100,7.5,
2022-01-07 00:00:00,NSE,EQ,SUZLON,SUZLON ENERGY LIMITED,BUY,105.5,10,10.55,
2022-01-10 00:00:00,NSE,EQ,VIJIFIN,VIJI FINANCE LIMITED,SELL,285.0,50,5.7,
2022-01-10 00:00:00,NSE,EQ,VIJIFIN,VIJI FINANCE LIMITED,SELL,285.0,50,5.7,
2022-01-11 00:00:00,NSE,EQ,RPOWER,RELIANCE POWER LTD.,BUY,1224.0,80,15.3,
2022-01-11 00:00:00,NSE,EQ,RPOWER,RELIANCE POWER LTD.,BUY,153.0,10,15.3,
2022-01-21 00:00:00,NSE,EQ,GREENPOWER,ORIENT GREEN POWER CO LTD,BUY,2205.0,100,22.05,
2022-01-21 00:00:00,NSE,EQ,TRIDENT,TRIDENT LIMITED,BUY,649.0,10,64.9,
2022-01-21 00:00:00,NSE,EQ,GREENPOWER,ORIENT GREEN POWER CO LTD,BUY,2205.0,100,22.05,
2022-01-21 09:49:01,NSE,EQ,RTNPOWER,RATTANINDIA POWER LIMITED,BUY,92.4,12,7.7,
2022-01-24 00:00:00,NSE,EQ,TATAPOWER,TATA POWER CO LTD,BUY,2279.0,10,227.9,
2022-01-24 00:00:00,NSE,EQ,VISESHINFO,VISESH INFOTECNICS LTD,BUY,290.0,200,1.45,
2022-01-24 09:28:41,NSE,EQ,ZOMATO,ZOMATO LIMITED,BUY,1019.5,10,101.95,
2022-01-24 09:50:01,NSE,EQ,WIPRO,WIPRO LTD.,BUY,2941.25,5,588.25,
2022-01-24 14:30:26,NSE,EQ,WIPRO,WIPRO LTD.,BUY,2863.75,5,572.75,
2022-01-24 14:30:28,NSE,EQ,ZOMATO,ZOMATO LIMITED,BUY,931.0,10,93.1,
2022-01-24 15:26:07,NSE,EQ,ZOMATO,ZOMATO LIMITED,BUY,909.5,10,90.95,
2022-01-24 15:27:53,NSE,EQ,TATAMOTORS,TATA MOTORS,BUY,954.1,2,477.05,
2022-01-25 00:00:00,NSE,EQ,SUZLON,SUZLON ENERGY LIMITED,BUY,432.0,40,10.8,
2022-01-25 00:00:00,NSE,EQ,RPOWER,RELIANCE POWER LTD.,BUY,150.0,10,15.0,
2022-01-25 00:00:00,NSE,EQ,BCG,BRIGHTCOM GROUP LIMITED,BUY,854.5,5,170.9,
2022-01-25 00:00:00,NSE,EQ,RTNINDIA,RATTANINDIA ENT LIMITED,BUY,536.5,10,53.65,
2022-01-25 00:00:00,NSE,EQ,RTNINDIA,RATTANINDIA ENT LIMITED,BUY,533.5,10,53.35,
2022-01-25 11:54:40,NSE,EQ,ZOMATO,ZOMATO LIMITED,BUY,1981.0,20,99.05,
2022-01-25 11:56:08,NSE,EQ,TATAMOTORS,TATA MOTORS,BUY,3870.4,8,483.8,
2022-01-27 10:06:18,NSE,EQ,ZOMATO,ZOMATO LIMITED,BUY,3732.0,40,93.3,
2022-01-27 14:20:07,NSE,EQ,ZOMATO,ZOMATO LIMITED,BUY,455.75,5,91.15,
2022-01-27 14:21:01,NSE,EQ,ZOMATO,ZOMATO LIMITED,BUY,273.0,3,91.0,
2022-01-28 00:00:00,NSE,EQ,KPITTECH,KPIT TECHNOLOGIES LIMITED,BUY,6411.0,10,641.1,
2022-01-31 00:00:00,NSE,EQ,FCSSOFT,FCS SOFTWARE SOLN. LTD.,BUY,1012.5,150,6.75,
2022-01-31 00:00:00,NSE,EQ,VIKASLIFE,VIKAS LIFECARE LIMITED,BUY,1923.6,300,6.41,
2022-02-01 00:00:00,NSE,EQ,HFCL,HFCL LIMITED,BUY,424.75,5,84.95,
2022-02-01 00:00:00,NSE,EQ,GRAVITA,GRAVITA INDIA LIMITED,BUY,3714.5,10,371.45,
2022-02-04 00:00:00,NSE,EQ,SWORDEDGE,SWORD-EDGE COMMERCIALS LIMITED,BUY,0.0,200,0.0,
2022-02-04 00:00:00,NSE,EQ,SWORDEDGE,SWORD-EDGE COMMERCIALS LIMITED,BUY,0.0,200,0.0,
2022-02-07 00:00:00,NSE,EQ,AWL,ADANI WILMAR LIMITED,BUY,14950.0,65,230.0,
2022-02-08 00:00:00,NSE,EQ,YAMNINV,YAMINI INVESTMENTS COMPANY LTD,SELL,236.0,100,2.36,
2022-02-10 15:26:49,NSE,EQ,AWL,ADANI WILMAR LIMITED,SELL,8111.25,21,386.25,
2022-02-10 15:26:49,NSE,EQ,AWL,ADANI WILMAR LIMITED,SELL,1545.0,4,386.25,
2022-02-11 00:00:00,NSE,EQ,CRESSAN,CRESSANDA SOLUTIONS LTD.,SELL,159.0,20,7.95,
2022-02-11 00:00:00,NSE,EQ,CRESSAN,CRESSANDA SOLUTIONS LTD.,SELL,79.5,10,7.95,
2022-02-11 00:00:00,NSE,EQ,CRESSAN,CRESSANDA SOLUTIONS LTD.,SELL,1590.0,200,7.95,
2022-02-11 00:00:00,NSE,EQ,CRESSAN,CRESSANDA SOLUTIONS LTD.,SELL,7.95,1,7.95,
2022-02-11 00:00:00,NSE,EQ,CRESSAN,CRESSANDA SOLUTIONS LTD.,SELL,151.05,19,7.95,
2022-02-11 00:00:00,NSE,EQ,BCG,BRIGHTCOM GROUP LIMITED,BUY,316.1,2,158.05,
2022-02-16 00:00:00,NSE,EQ,RAGHUSYN,RAGHUVIR SYNTHETICS LTD.,BUY,225.95,1,225.95,
2022-02-16 09:25:10,NSE,EQ,ZOMATO,ZOMATO LIMITED,BUY,169.7,2,84.85,
2022-02-21 00:00:00,NSE,EQ,RPOWER,RELIANCE POWER LTD.,SELL,1120.0,80,14.0,
2022-02-21 00:00:00,NSE,EQ,RPOWER,RELIANCE POWER LTD.,SELL,140.0,10,14.0,
2022-02-21 00:00:00,NSE,EQ,RPOWER,RELIANCE POWER LTD.,SELL,140.0,10,14.0,
2022-02-24 00:00:00,NSE,EQ,SWORDEDGE,SWORD-EDGE COMMERCIALS LIMITED,SELL,164.0,200,0.82,
2022-02-24 00:00:00,NSE,EQ,SWORDEDGE,SWORD-EDGE COMMERCIALS LIMITED,SELL,164.0,200,0.82,
2022-02-24 00:00:00,NSE,EQ,SWORDEDGE,SWORD-EDGE COMMERCIALS LIMITED,SELL,164.0,200,0.82,
2022-02-28 00:00:00,NSE,EQ,LLOYDSENGG,LLOYDS ENGG WORK LIMITED,SELL,11362.5,900,12.63,
2022-02-28 00:00:00,NSE,EQ,LLOYDSENGG,LLOYDS ENGG WORK LIMITED,SELL,505.0,40,12.63,
2022-02-28 00:00:00,NSE,EQ,LLOYDSENGG,LLOYDS ENGG WORK LIMITED,SELL,631.25,50,12.63,
2022-02-28 00:00:00,NSE,EQ,LLOYDSENGG,LLOYDS ENGG WORK LIMITED,SELL,88.37,7,12.62,
2022-02-28 00:00:00,NSE,EQ,LLOYDSENGG,LLOYDS ENGG WORK LIMITED,SELL,37.87,3,12.62,
2022-03-10 10:11:26,FON,FO,BANKNIFTY,BANKNIFTY-CE-35100-10MAR2022,BUY,6000.0,25,240.0,2022-03-10
2022-03-10 10:26:18,FON,FO,BANKNIFTY,BANKNIFTY-CE-35100-10MAR2022,SELL,8521.25,25,340.85,2022-03-10
2022-03-10 15:08:05,FON,FO,BANKNIFTY,BANKNIFTY-CE-34600-10MAR2022,BUY,350.0,25,14.0,2022-03-10
2022-03-10 15:12:27,FON,FO,BANKNIFTY,BANKNIFTY-CE-34600-10MAR2022,SELL,700.0,25,28.0,2022-03-10
2022-03-10 15:15:29,FON,FO,BANKNIFTY,BANKNIFTY-CE-34600-10MAR2022,BUY,275.0,25,11.0,2022-03-10
2022-03-10 15:23:44,FON,FO,BANKNIFTY,BANKNIFTY-CE-34600-10MAR2022,SELL,20.0,25,0.8,2022-03-10
2022-03-16 00:00:00,NSE,EQ,BCG,BRIGHTCOM GROUP LIMITED,BUY,0.0,68,0.0,
2022-03-17 00:00:00,NSE,EQ,CRESSAN,CRESSANDA SOLUTIONS LTD.,SELL,320.75,25,12.83,
2022-03-17 10:10:13,FON,FO,BANKNIFTY,BANKNIFTY-CE-36500-17MAR2022,BUY,4375.0,25,175.0,2022-03-17
2022-03-17 10:58:04,FON,FO,BANKNIFTY,BANKNIFTY-CE-36500-17MAR2022,SELL,3875.0,25,155.0,2022-03-17
2022-03-21 10:06:33,FON,FO,NIFTY,NIFTY-PE-17250-24MAR2022,BUY,9000.0,50,180.0,2022-03-24
2022-03-21 10:50:08,FON,FO,NIFTY,NIFTY-PE-17250-24MAR2022,SELL,9250.0,50,185.0,2022-03-24
2022-03-24 11:14:46,FON,FO,NIFTY,NIFTY-CE-17250-24MAR2022,BUY,3550.0,50,71.0,2022-03-24
2022-03-24 11:54:25,FON,FO,NIFTY,NIFTY-CE-17250-24MAR2022,SELL,2250.0,50,45.0,2022-03-24
2022-03-24 13:35:11,FON,FO,NIFTY,NIFTY-CE-17200-24MAR2022,BUY,2150.0,50,43.0,2022-03-24
2022-03-24 13:47:50,FON,FO,NIFTY,NIFTY-CE-17200-24MAR2022,SELL,1250.0,50,25.0,2022-03-24
2022-04-28 13:46:25,FON,FO,BANKNIFTY,BANKNIFTY-CE-36300-28APR2022,BUY,2650.0,25,106.0,2022-04-28
2022-04-28 14:25:55,FON,FO,BANKNIFTY,BANKNIFTY-CE-36300-28APR2022,SELL,3036.25,25,121.45,2022-04-28
2022-05-02 12:15:14,FON,FO,NIFTY,NIFTY-CE-17000-05MAY2022,BUY,7450.0,50,149.0,2022-05-05
2022-05-02 12:47:57,FON,FO,NIFTY,NIFTY-CE-17000-05MAY2022,SELL,7000.0,50,140.0,2022-05-05
2022-05-02 13:12:00,FON,FO,NIFTY,NIFTY-CE-17000-05MAY2022,BUY,7500.0,50,150.0,2022-05-05
2022-05-02 14:30:31,FON,FO,NIFTY,NIFTY-CE-17000-05MAY2022,SELL,6500.0,50,130.0,2022-05-05
2022-05-02 15:02:29,FON,FO,NIFTY,NIFTY-CE-17050-05MAY2022,BUY,7000.0,50,140.0,2022-05-05
2022-05-02 15:11:54,FON,FO,NIFTY,NIFTY-CE-17050-05MAY2022,SELL,7250.0,50,145.0,2022-05-05
2022-05-05 10:25:58,FON,FO,BANKNIFTY,BANKNIFTY-CE-35800-05MAY2022,BUY,3106.25,25,124.25,2022-05-05
2022-05-05 11:33:12,FON,FO,BANKNIFTY,BANKNIFTY-CE-35800-05MAY2022,SELL,2825.0,25,113.0,2022-05-05
2022-05-05 11:52:15,FON,FO,BANKNIFTY,BANKNIFTY-PE-35700-05MAY2022,BUY,3950.0,50,79.0,2022-05-05
2022-05-05 11:55:14,FON,FO,BANKNIFTY,BANKNIFTY-PE-35700-05MAY2022,SELL,4400.0,50,88.0,2022-05-05
2022-05-05 12:02:01,FON,FO,BANKNIFTY,BANKNIFTY-PE-35700-05MAY2022,BUY,6400.0,50,128.0,2022-05-05
2022-05-05 12:15:20,FON,FO,BANKNIFTY,BANKNIFTY-PE-35700-05MAY2022,SELL,5500.0,50,110.0,2022-05-05
2022-05-05 13:17:27,FON,FO,NIFTY,NIFTY-PE-16800-05MAY2022,BUY,3500.0,100,35.0,2022-05-05
2022-05-05 13:43:55,FON,FO,NIFTY,NIFTY-PE-16800-05MAY2022,SELL,4500.0,100,45.0,2022-05-05
2022-05-05 14:38:35,FON,FO,BANKNIFTY,BANKNIFTY-PE-35300-05MAY2022,BUY,1875.0,25,75.0,2022-05-05
2022-05-05 15:26:49,FON,FO,BANKNIFTY,BANKNIFTY-PE-35300-05MAY2022,SELL,1725.0,25,69.0,2022-05-05
2022-05-06 00:00:00,NSE,EQ,TTML,TATA TELESERV(MAHARASTRA),SELL,2768.0,20,138.4,
2022-05-06 00:00:00,NSE,EQ,TTML,TATA TELESERV(MAHARASTRA),SELL,968.8,7,138.4,
2022-05-06 00:00:00,NSE,EQ,TTML,TATA TELESERV(MAHARASTRA),SELL,1799.2,13,138.4,
2022-05-06 00:00:00,NSE,EQ,TTML,TATA TELESERV(MAHARASTRA),SELL,1384.0,10,138.4,
2022-05-06 00:00:00,NSE,EQ,TTML,TATA TELESERV(MAHARASTRA),SELL,2768.0,20,138.4,
2022-05-06 11:38:23,FON,FO,NIFTY,NIFTY-CE-16450-12MAY2022,BUY,8000.0,50,160.0,2022-05-12
2022-05-06 12:25:26,FON,FO,NIFTY,NIFTY-CE-16450-12MAY2022,SELL,8095.0,50,161.9,2022-05-12
2022-05-06 14:50:05,FON,FO,NIFTY,NIFTY-PE-16350-12MAY2022,BUY,8200.0,50,164.0,2022-05-12
2022-05-06 14:56:57,FON,FO,NIFTY,NIFTY-PE-16350-12MAY2022,SELL,8550.0,50,171.0,2022-05-12
2022-05-09 00:00:00,NSE,EQ,LLOYDSENGG,LLOYDS ENGG WORK LIMITED,SELL,4230.0,300,14.1,
2022-05-09 00:00:00,NSE,EQ,LLOYDSENGG,LLOYDS ENGG WORK LIMITED,SELL,2765.0,200,13.83,
2022-05-09 00:00:00,NSE,EQ,CAMPUS,CAMPUS ACTIVEWEAR LIMITED,BUY,1700.0,5,340.0,
2022-05-11 12:50:40,FON,FO,NIFTY,NIFTY-PE-16100-12MAY2022,BUY,6150.0,50,123.0,2022-05-12
2022-05-11 13:10:04,FON,FO,NIFTY,NIFTY-PE-16100-12MAY2022,SELL,6950.0,50,139.0,2022-05-12
2022-05-12 10:13:28,FON,FO,BANKNIFTY,BANKNIFTY-PE-33900-12MAY2022,BUY,5000.0,25,200.0,2022-05-12
2022-05-12 10:37:34,FON,FO,BANKNIFTY,BANKNIFTY-PE-33900-12MAY2022,SELL,3750.0,25,150.0,2022-05-12
2022-05-12 11:03:40,FON,FO,NIFTY,NIFTY-PE-15900-12MAY2022,BUY,3950.0,50,79.0,2022-05-12
2022-05-12 11:03:40,FON,FO,NIFTY,NIFTY-PE-15900-12MAY2022,BUY,3950.0,50,79.0,2022-05-12
2022-05-12 11:07:08,FON,FO,NIFTY,NIFTY-PE-15900-12MAY2022,SELL,8400.0,100,84.0,2022-05-12
2022-05-12 11:52:19,FON,FO,NIFTY,NIFTY-PE-15900-12MAY2022,BUY,7900.0,100,79.0,2022-05-12
2022-05-12 12:35:08,FON,FO,NIFTY,NIFTY-PE-15900-12MAY2022,SELL,10000.0,100,100.0,2022-05-12
2022-05-12 14:51:46,FON,FO,BANKNIFTY,BANKNIFTY-CE-33500-12MAY2022,BUY,1275.0,25,51.0,2022-05-12
2022-05-12 14:54:06,FON,FO,BANKNIFTY,BANKNIFTY-CE-33500-12MAY2022,SELL,1450.0,25,58.0,2022-05-12
2022-05-12 14:58:30,FON,FO,BANKNIFTY,BANKNIFTY-CE-33500-12MAY2022,BUY,1325.0,25,53.0,2022-05-12
2022-05-12 15:01:28,FON,FO,BANKNIFTY,BANKNIFTY-CE-33500-12MAY2022,SELL,1450.0,25,58.0,2022-05-12
2022-05-13 13:19:50,FON,FO,NIFTY,NIFTY-CE-16050-19MAY2022,BUY,9550.0,50,191.0,2022-05-19
2022-05-13 14:24:51,FON,FO,NIFTY,NIFTY-CE-16050-19MAY2022,SELL,5550.0,50,111.0,2022-05-19
2022-05-16 10:57:59,FON,FO,NIFTY,NIFTY-PE-15850-19MAY2022,BUY,6900.0,50,138.0,2022-05-19
2022-05-16 12:37:53,FON,FO,NIFTY,NIFTY-PE-15850-19MAY2022,SELL,8400.0,50,168.0,2022-05-19
2022-05-16 13:13:39,FON,FO,NIFTY,NIFTY-PE-15750-19MAY2022,BUY,6300.0,50,126.0,2022-05-19
2022-05-16 13:26:39,FON,FO,NIFTY,NIFTY-PE-15750-19MAY2022,SELL,6500.0,50,130.0,2022-05-19
2022-05-17 09:35:02,FON,FO,NIFTY,NIFTY-CE-15950-19MAY2022,BUY,6650.0,50,133.0,2022-05-19
2022-05-17 09:53:08,FON,FO,NIFTY,NIFTY-CE-15950-19MAY2022,SELL,6400.0,50,128.0,2022-05-19
2022-05-17 11:28:04,FON,FO,BANKNIFTY,BANKNIFTY-CE-34100-19MAY2022,BUY,8000.0,25,320.0,2022-05-19
2022-05-17 11:55:36,FON,FO,BANKNIFTY,BANKNIFTY-CE-34100-19MAY2022,SELL,8375.0,25,335.0,2022-05-19
2022-05-17 12:55:12,FON,FO,NIFTY,NIFTY-CE-16150-19MAY2022,BUY,6750.0,50,135.0,2022-05-19
2022-05-17 13:53:56,FON,FO,NIFTY,NIFTY-CE-16150-19MAY2022,SELL,6750.0,50,135.0,2022-05-19
2022-05-17 14:05:27,FON,FO,BANKNIFTY,BANKNIFTY-CE-34200-19MAY2022,BUY,8475.0,25,339.0,2022-05-19
2022-05-17 14:19:51,FON,FO,BANKNIFTY,BANKNIFTY-CE-34200-19MAY2022,SELL,8625.0,25,345.0,2022-05-19
2022-05-20 00:00:00,NSE,EQ,SWORDEDGE,SWORD-EDGE COMMERCIALS LIMITED,SELL,154.0,200,0.77,
2022-05-20 10:06:15,FON,FO,NIFTY,NIFTY-CE-16200-26MAY2022,BUY,8000.0,50,160.0,2022-05-26
2022-05-20 12:02:50,FON,FO,NIFTY,NIFTY-CE-16200-26MAY2022,SELL,8200.0,50,164.0,2022-05-26
2022-05-25 00:00:00,NSE,EQ,JPPOWER,JAIPRAKASH POWER VEN. LTD,SELL,350.0,50,7.0,
2022-05-25 00:00:00,NSE,EQ,JPPOWER,JAIPRAKASH POWER VEN. LTD,SELL,210.0,30,7.0,
2022-05-25 00:00:00,NSE,EQ,JPPOWER,JAIPRAKASH POWER VEN. LTD,SELL,140.0,20,7.0,
2022-05-30 12:36:43,FON,FO,BANKNIFTY,BANKNIFTY-PE-35800-02JUN2022,BUY,8250.0,25,330.0,2022-06-02
2022-05-30 13:12:22,FON,FO,BANKNIFTY,BANKNIFTY-PE-35800-02JUN2022,SELL,7750.0,25,310.0,2022-06-02
2022-05-31 12:03:56,FON,FO,NIFTY,NIFTY-CE-16600-02JUN2022,BUY,7700.0,50,154.0,2022-06-02
2022-05-31 12:36:58,FON,FO,NIFTY,NIFTY-CE-16600-02JUN2022,SELL,6750.0,50,135.0,2022-06-02
2022-05-31 12:48:55,FON,FO,BANKNIFTY,BANKNIFTY-PE-35600-02JUN2022,BUY,6800.0,25,272.0,2022-06-02
2022-05-31 12:51:17,FON,FO,BANKNIFTY,BANKNIFTY-PE-35600-02JUN2022,SELL,6875.0,25,275.0,2022-06-02
2022-05-31 12:57:37,FON,FO,BANKNIFTY,BANKNIFTY-PE-35600-02JUN2022,BUY,6625.0,25,265.0,2022-06-02
2022-05-31 13:17:03,FON,FO,BANKNIFTY,BANKNIFTY-PE-35600-02JUN2022,SELL,6000.0,25,240.0,2022-06-02
2022-05-31 14:30:28,FON,FO,NIFTY,NIFTY-CE-16650-02JUN2022,BUY,6250.0,50,125.0,2022-06-02
2022-05-31 14:35:43,FON,FO,NIFTY,NIFTY-CE-16650-02JUN2022,SELL,5550.0,50,111.0,2022-06-02
2022-06-01 09:55:31,FON,FO,BANKNIFTY,BANKNIFTY-PE-35500-02JUN2022,BUY,5775.0,25,231.0,2022-06-02
2022-06-01 10:12:43,FON,FO,BANKNIFTY,BANKNIFTY-PE-35500-02JUN2022,SELL,5125.0,25,205.0,2022-06-02
2022-06-01 10:37:19,FON,FO,NIFTY,NIFTY-CE-16650-02JUN2022,BUY,4000.0,50,80.0,2022-06-02
2022-06-01 12:03:43,FON,FO,NIFTY,NIFTY-CE-16650-02JUN2022,SELL,3050.0,50,61.0,2022-06-02
2022-06-01 12:34:34,FON,FO,NIFTY,NIFTY-PE-16550-02JUN2022,BUY,4200.0,50,84.0,2022-06-02
2022-06-01 13:58:34,FON,FO,NIFTY,NIFTY-PE-16550-02JUN2022,SELL,6170.0,50,123.4,2022-06-02
2022-06-02 10:30:29,FON,FO,NIFTY,NIFTY-CE-16550-02JUN2022,BUY,2400.0,50,48.0,2022-06-02
2022-06-02 10:44:06,FON,FO,NIFTY,NIFTY-CE-16550-02JUN2022,SELL,2550.0,50,51.0,2022-06-02
2022-06-02 13:47:10,FON,FO,NIFTY,NIFTY-CE-16600-02JUN2022,BUY,3800.0,100,38.0,2022-06-02
2022-06-02 14:03:22,FON,FO,NIFTY,NIFTY-CE-16600-02JUN2022,SELL,4000.0,100,40.0,2022-06-02
2022-06-02 14:05:30,FON,FO,NIFTY,NIFTY-CE-16600-02JUN2022,BUY,4400.0,100,44.0,2022-06-02
2022-06-02 14:14:12,FON,FO,NIFTY,NIFTY-CE-16600-02JUN2022,SELL,2000.0,50,40.0,2022-06-02
2022-06-02 14:14:32,FON,FO,NIFTY,NIFTY-CE-16600-02JUN2022,SELL,2150.0,50,43.0,2022-06-02
2022-06-02 14:19:58,FON,FO,NIFTY,NIFTY-CE-16600-02JUN2022,BUY,4200.0,100,42.0,2022-06-02
2022-06-02 14:36:58,FON,FO,NIFTY,NIFTY-CE-16600-02JUN2022,SELL,3500.0,100,35.0,2022-06-02
2022-06-03 00:00:00,NSE,EQ,VIRTUALG,VIRTUAL GLOBAL EDUCATION LTD.,SELL,420.0,300,1.4,
2022-06-03 00:00:00,NSE,EQ,VIRTUALG,VIRTUAL GLOBAL EDUCATION LTD.,SELL,280.0,200,1.4,
2022-06-06 11:46:59,FON,FO,NIFTY,NIFTY-PE-16400-09JUN2022,BUY,4900.0,50,98.0,2022-06-09
2022-06-06 12:04:59,FON,FO,NIFTY,NIFTY-PE-16400-09JUN2022,SELL,4250.0,50,85.0,2022-06-09
2022-06-07 14:35:19,NSE,EQ,WIPRO,WIPRO LTD.,BUY,2335.0,5,467.0,
2022-07-06 00:00:00,NSE,EQ,CAMPUS,CAMPUS ACTIVEWEAR LIMITED,SELL,1732.75,5,346.55,
2022-08-12 00:00:00,NSE,EQ,DATAPATTNS,DATA PATTERNS INDIA LTD,SELL,1664.0,2,832.0,
2022-10-04 00:00:00,NSE,EQ,SUZLON,SUZLON ENERGY LIMITED,BUY,0.0,71,0.0,
2023-09-07 00:00:00,NSE,EQ,GREENPOWER,ORIENT GREEN POWER CO LTD,SELL,2740.0,200,13.7,
2023-09-29 00:00:00,NSE,EQ,GREENPOWER,ORIENT GREEN POWER CO LTD,BUY,0.0,214,0.0,
2023-11-20 00:00:00,NSE,EQ,GREENPOWER,ORIENT GREEN POWER CO LTD,SELL,6960.0,300,23.2,
2023-11-20 00:00:00,NSE,EQ,GREENPOWER,ORIENT GREEN POWER CO LTD,SELL,2320.0,100,23.2,
2023-11-23 00:00:00,NSE,EQ,PRAKASHSTL,PRAKASH STEELAGE LTD,SELL,330.0,60,5.5,
2023-11-23 00:00:00,NSE,EQ,PRAKASHSTL,PRAKASH STEELAGE LTD,SELL,275.0,50,5.5,
2023-11-23 00:00:00,NSE,EQ,PRAKASHSTL,PRAKASH STEELAGE LTD,SELL,825.0,150,5.5,
2023-11-23 00:00:00,NSE,EQ,PRAKASHSTL,PRAKASH STEELAGE LTD,SELL,55.0,10,5.5,
2023-11-23 00:00:00,NSE,EQ,PRAKASHSTL,PRAKASH STEELAGE LTD,SELL,55.0,10,5.5,
2023-11-23 00:00:00,NSE,EQ,PRAKASHSTL,PRAKASH STEELAGE LTD,SELL,55.0,10,5.5,
2023-11-23 00:00:00,NSE,EQ,PRAKASHSTL,PRAKASH STEELAGE LTD,SELL,55.0,10,5.5,
2023-12-05 13:44:10,FON,FO,NIFTY,NIFTY-CE-20800-07DEC2023,BUY,5400.0,50,108.0,2023-12-07
2023-12-05 15:11:06,FON,FO,NIFTY,NIFTY-CE-20800-07DEC2023,SELL,6087.5,50,121.75,2023-12-07
2023-12-08 14:55:19,FON,FO,NIFTY,NIFTY-CE-20950-14DEC2023,BUY,5750.0,50,115.0,2023-12-14
2023-12-08 15:09:58,FON,FO,NIFTY,NIFTY-CE-20950-14DEC2023,SELL,7050.0,50,141.0,2023-12-14
2023-12-12 14:00:35,FON,FO,NIFTY,NIFTY-PE-21050-14DEC2023,BUY,5750.0,50,115.0,2023-12-14
2023-12-12 14:45:53,FON,FO,NIFTY,NIFTY-PE-21050-14DEC2023,SELL,7127.5,50,142.55,2023-12-14
2023-12-13 10:03:10,FON,FO,NIFTY,NIFTY-PE-20850-14DEC2023,BUY,3150.0,50,63.0,2023-12-14
2023-12-13 11:00:21,FON,FO,NIFTY,NIFTY-PE-20850-14DEC2023,SELL,2750.0,50,55.0,2023-12-14
2023-12-13 13:21:37,FON,FO,NIFTY,NIFTY-CE-20850-14DEC2023,BUY,3237.5,50,64.75,2023-12-14
2023-12-13 14:17:24,FON,FO,NIFTY,NIFTY-CE-20850-14DEC2023,SELL,3957.5,50,79.15,2023-12-14
2023-12-14 13:11:54,FON,FO,NIFTY,NIFTY-CE-21100-14DEC2023,BUY,3750.0,50,75.0,2023-12-14
2023-12-14 13:50:40,FON,FO,NIFTY,NIFTY-CE-21100-14DEC2023,SELL,4550.0,50,91.0,2023-12-14
2023-12-15 12:47:04,FON,FO,NIFTY,NIFTY-CE-21350-21DEC2023,BUY,6150.0,50,123.0,2023-12-21
2023-12-15 13:13:49,FON,FO,NIFTY,NIFTY-CE-21350-21DEC2023,SELL,6020.0,50,120.4,2023-12-21
2023-12-19 14:32:15,FON,FO,NIFTY,NIFTY-CE-21500-21DEC2023,BUY,4400.0,50,88.0,2023-12-21
2023-12-19 14:46:45,FON,FO,NIFTY,NIFTY-CE-21500-21DEC2023,SELL,4100.0,50,82.0,2023-12-21
2023-12-20 13:12:16,FON,FO,NIFTY,NIFTY-PE-21500-21DEC2023,BUY,3200.0,50,64.0,2023-12-21
2023-12-20 13:26:54,FON,FO,NIFTY,NIFTY-PE-21500-21DEC2023,SELL,5000.0,50,100.0,2023-12-21
2023-12-20 14:15:51,FON,FO,NIFTY,NIFTY-PE-21250-21DEC2023,BUY,3150.0,50,63.0,2023-12-21
2023-12-20 14:17:25,FON,FO,NIFTY,NIFTY-PE-21250-21DEC2023,SELL,2500.0,50,50.0,2023-12-21
2023-12-21 14:41:07,FON,FO,NIFTY,NIFTY-CE-21250-21DEC2023,BUY,1567.5,50,31.35,2023-12-21
2023-12-21 15:24:11,FON,FO,NIFTY,NIFTY-CE-21250-21DEC2023,SELL,235.0,50,4.7,2023-12-21
2023-12-26 12:02:12,FON,FO,NIFTY,NIFTY-CE-21500-28DEC2023,BUY,5150.0,50,103.0,2023-12-28
2023-12-26 12:29:30,FON,FO,NIFTY,NIFTY-CE-21500-28DEC2023,SELL,4837.5,50,96.75,2023-12-28
2023-12-28 09:50:55,FON,FO,NIFTY,NIFTY-CE-21750-28DEC2023,BUY,3150.0,50,63.0,2023-12-28
2023-12-28 09:56:13,FON,FO,NIFTY,NIFTY-CE-21750-28DEC2023,SELL,2850.0,50,57.0,2023-12-28
2024-01-01 13:30:51,FON,FO,NIFTY,NIFTY-CE-21750-04JAN2024,BUY,6300.0,50,126.0,2024-01-04
2024-01-01 14:10:03,FON,FO,NIFTY,NIFTY-CE-21750-04JAN2024,SELL,8250.0,50,165.0,2024-01-04
2024-01-04 14:29:14,FON,FO,NIFTY,NIFTY-PE-21650-04JAN2024,BUY,700.0,50,14.0,2024-01-04
2024-01-05 14:27:22,FON,FO,NIFTY,NIFTY-PE-21650-11JAN2024,BUY,6250.0,50,125.0,2024-01-11
2024-01-05 14:32:02,FON,FO,NIFTY,NIFTY-PE-21650-11JAN2024,SELL,5900.0,50,118.0,2024-01-11
2024-01-12 11:01:15,FON,FO,NIFTY,NIFTY-CE-21900-18JAN2024,BUY,6000.0,50,120.0,2024-01-18
2024-01-12 11:05:39,FON,FO,NIFTY,NIFTY-CE-21900-18JAN2024,SELL,5600.0,50,112.0,2024-01-18
2024-01-16 12:16:50,FON,FO,NIFTY,NIFTY-PE-22100-18JAN2024,BUY,5700.0,50,114.0,2024-01-18
2024-01-16 12:22:45,FON,FO,NIFTY,NIFTY-PE-22100-18JAN2024,SELL,5500.0,50,110.0,2024-01-18
2024-01-18 00:00:00,NSE,EQ,RTNPOWER,RATTANINDIA POWER LIMITED,SELL,3087.0,294,10.5,
2024-01-18 00:00:00,NSE,EQ,RTNPOWER,RATTANINDIA POWER LIMITED,SELL,63.0,6,10.5,
2024-01-18 00:00:00,NSE,EQ,RTNPOWER,RATTANINDIA POWER LIMITED,SELL,1050.0,100,10.5,
2024-01-18 00:00:00,NSE,EQ,RTNPOWER,RATTANINDIA POWER LIMITED,SELL,525.0,50,10.5,
2024-01-18 00:00:00,NSE,EQ,RTNPOWER,RATTANINDIA POWER LIMITED,SELL,525.0,50,10.5,
2024-01-18 00:00:00,NSE,EQ,CTL,CAPITAL TRADE LINKS LTD,SELL,40.2,1,40.2,
2024-01-19 00:00:00,NSE,EQ,CRESSAN,CRESSANDA SOLUTIONS LTD.,SELL,600.0,25,24.0,
2024-01-24 15:00:52,FON,FO,NIFTY,NIFTY-CE-21400-25JAN2024,BUY,6650.0,50,133.0,2024-01-25
2024-01-24 15:04:23,FON,FO,NIFTY,NIFTY-CE-21400-25JAN2024,SELL,6000.0,50,120.0,2024-01-25
2024-01-25 00:00:00,NSE,EQ,LLOYDSENGG,LLOYDS ENGG WORK LIMITED,BUY,0.0,5,0.0,
2024-02-01 12:53:39,FON,FO,NIFTY,NIFTY-CE-21750-01FEB2024,BUY,2100.0,50,42.0,2024-02-01
2024-02-01 13:02:04,FON,FO,NIFTY,NIFTY-CE-21750-01FEB2024,SELL,1327.5,50,26.55,2024-02-01
2024-02-12 00:00:00,NSE,EQ,KPEL,K.P. ENERGY LIMITED,BUY,0.0,120,0.0,
2024-02-16 13:32:23,FON,FO,BANKNIFTY,BANKNIFTY-PE-46500-21FEB2024,BUY,6450.0,15,430.0,2024-02-21
2024-02-16 13:35:44,FON,FO,BANKNIFTY,BANKNIFTY-PE-46500-21FEB2024,SELL,5625.0,15,375.0,2024-02-21
2024-02-16 13:39:08,FON,FO,BANKNIFTY,BANKNIFTY-CE-46500-21FEB2024,BUY,7035.0,15,469.0,2024-02-21
2024-02-16 13:57:05,FON,FO,BANKNIFTY,BANKNIFTY-CE-46500-21FEB2024,SELL,7836.0,15,522.4,2024-02-21
2024-02-21 12:45:49,FON,FO,NIFTY,NIFTY-PE-22250-22FEB2024,BUY,5000.0,50,100.0,2024-02-22
2024-02-21 12:47:17,FON,FO,NIFTY,NIFTY-PE-22250-22FEB2024,SELL,4857.5,50,97.15,2024-02-22
2024-02-22 13:39:46,FON,FO,NIFTY,NIFTY-CE-21950-22FEB2024,BUY,2250.0,50,45.0,2024-02-22
2024-02-22 14:05:10,FON,FO,NIFTY,NIFTY-CE-21950-22FEB2024,SELL,5950.0,50,119.0,2024-02-22
2024-02-28 13:09:09,FON,FO,NIFTY,NIFTY-PE-22000-29FEB2024,BUY,7532.5,50,150.65,2024-02-29
2024-02-28 13:23:50,FON,FO,NIFTY,NIFTY-PE-22000-29FEB2024,SELL,5750.0,50,115.0,2024-02-29
2024-02-29 13:17:24,FON,FO,NIFTY,NIFTY-CE-21950-29FEB2024,BUY,3447.5,50,68.95,2024-02-29
2024-02-29 13:19:18,FON,FO,NIFTY,NIFTY-CE-21950-29FEB2024,SELL,3000.0,50,60.0,2024-02-29
2024-02-29 13:41:01,FON,FO,NIFTY,NIFTY-PE-21950-29FEB2024,BUY,1850.0,50,37.0,2024-02-29
2024-02-29 13:54:11,FON,FO,NIFTY,NIFTY-PE-21950-29FEB2024,SELL,1177.5,50,23.55,2024-02-29
2024-03-13 00:00:00,NSE,EQ,URJA,URJA GLOBAL LIMITED,SELL,1000.0,50,20.0,
2024-03-13 00:00:00,NSE,EQ,URJA,URJA GLOBAL LIMITED,SELL,1000.0,50,20.0,
2024-03-20 10:21:39,FON,FO,NIFTY,NIFTY-PE-21800-21MAR2024,BUY,5250.0,50,105.0,2024-03-21
2024-03-20 10:26:20,FON,FO,NIFTY,NIFTY-PE-21800-21MAR2024,SELL,5200.0,50,104.0,2024-03-21
2024-03-21 12:39:12,FON,FO,NIFTY,NIFTY-CE-21950-21MAR2024,BUY,2650.0,50,53.0,2024-03-21
2024-03-21 12:49:44,FON,FO,NIFTY,NIFTY-CE-21950-21MAR2024,SELL,2350.0,50,47.0,2024-03-21
2024-04-02 12:41:01,FON,FO,NIFTY,NIFTY-CE-22400-04APR2024,BUY,5550.0,50,111.0,2024-04-04
2024-04-02 12:51:52,FON,FO,NIFTY,NIFTY-CE-22400-04APR2024,SELL,5347.5,50,106.95,2024-04-04
2024-04-05 11:29:46,FON,FO,NIFTY,NIFTY-PE-22500-10APR2024,BUY,6400.0,50,128.0,2024-04-10
2024-04-05 11:36:01,FON,FO,NIFTY,NIFTY-PE-22500-10APR2024,SELL,6000.0,50,120.0,2024-04-10
2024-04-10 13:22:14,FON,FO,NIFTY,NIFTY-CE-22700-10APR2024,BUY,1315.0,50,26.3,2024-04-10
2024-04-10 13:48:18,FON,FO,NIFTY,NIFTY-CE-22700-10APR2024,SELL,1375.0,50,27.5,2024-04-10
2024-04-24 13:22:07,FON,FO,NIFTY,NIFTY-CE-22450-25APR2024,BUY,3652.5,50,73.05,2024-04-25
2024-04-24 13:37:09,FON,FO,NIFTY,NIFTY-CE-22450-25APR2024,SELL,3350.0,50,67.0,2024-04-25
2024-04-26 14:32:57,FON,FO,NIFTY,NIFTY-PE-22450-02MAY2024,BUY,2825.0,25,113.0,2024-05-02
2024-04-26 14:36:33,FON,FO,NIFTY,NIFTY-PE-22450-02MAY2024,SELL,2660.0,25,106.4,2024-05-02
2024-05-02 12:50:44,FON,FO,NIFTY,NIFTY-PE-22700-02MAY2024,BUY,1025.0,25,41.0,2024-05-02
2024-05-02 12:58:30,FON,FO,NIFTY,NIFTY-PE-22700-02MAY2024,SELL,875.0,25,35.0,2024-05-02
2024-05-10 13:30:49,FON,FO,NIFTY,NIFTY-CE-22050-16MAY2024,BUY,7652.5,50,153.05,2024-05-16
2024-05-10 14:01:51,FON,FO,NIFTY,NIFTY-CE-22050-16MAY2024,SELL,7880.0,50,157.6,2024-05-16
2024-06-05 13:55:06,FON,FO,NIFTY,NIFTY-CE-22400-06JUN2024,BUY,4423.75,25,176.95,2024-06-06
2024-06-05 14:12:07,FON,FO,NIFTY,NIFTY-CE-22400-06JUN2024,SELL,4756.25,25,190.25,2024-06-06
2024-06-06 13:32:05,FON,FO,NIFTY,NIFTY-CE-22700-06JUN2024,BUY,2000.0,25,80.0,2024-06-06
2024-06-06 13:49:38,FON,FO,NIFTY,NIFTY-CE-22700-06JUN2024,SELL,2750.0,25,110.0,2024-06-06
2024-06-12 14:46:55,FON,FO,BANKNIFTY,BANKNIFTY-CE-49900-12JUN2024,BUY,2940.0,30,98.0,2024-06-12
2024-06-12 14:58:50,FON,FO,BANKNIFTY,BANKNIFTY-CE-49900-12JUN2024,SELL,1201.5,30,40.05,2024-06-12
2024-06-18 11:22:38,FON,FO,FINNIFTY,FINNIFTY  -CE-22500-18JUN2024,BUY,1374.0,40,34.35,2024-06-18
2024-06-18 11:31:38,FON,FO,FINNIFTY,FINNIFTY  -CE-22500-18JUN2024,SELL,1000.0,40,25.0,2024-06-18
2024-06-20 14:01:07,FON,FO,FINNIFTY,FINNIFTY  -PE-23050-25JUN2024,BUY,6652.0,40,166.3,2024-06-25
2024-06-20 14:15:18,FON,FO,FINNIFTY,FINNIFTY  -PE-23050-25JUN2024,SELL,6400.0,40,160.0,2024-06-25
2024-06-21 00:00:00,NSE,EQ,DEEPAKNTR,DEEPAK NITRITE LTD,BUY,2546.0,1,2546.0,
2024-06-21 00:00:00,NSE,EQ,KNRCON,KNR CONSTRU LTD.,BUY,2824.0,8,353.0,
2024-06-21 00:00:00,NSE,EQ,IDFCFIRSTB,IDFC FIRST BANK LIMITED,BUY,1920.5,23,83.5,
2024-06-21 13:03:30,FON,FO,NIFTY,NIFTY-PE-23500-27JUN2024,BUY,3891.25,25,155.65,2024-06-27
2024-06-21 13:13:18,FON,FO,NIFTY,NIFTY-PE-23500-27JUN2024,SELL,3921.25,25,156.85,2024-06-27
2024-06-24 10:25:22,FON,FO,NIFTY,NIFTY-CE-23450-27JUN2024,BUY,3125.0,25,125.0,2024-06-27
2024-06-24 11:14:05,FON,FO,NIFTY,NIFTY-CE-23450-27JUN2024,SELL,4125.0,25,165.0,2024-06-27
2024-06-26 14:07:22,FON,FO,NIFTY,NIFTY-CE-23850-27JUN2024,BUY,2450.0,25,98.0,2024-06-27
2024-06-26 14:23:29,FON,FO,NIFTY,NIFTY-CE-23850-27JUN2024,SELL,2275.0,25,91.0,2024-06-27
2024-06-27 10:53:34,FON,FO,NIFTY,NIFTY-CE-23850-27JUN2024,BUY,2045.0,25,81.8,2024-06-27
2024-06-27 11:19:53,FON,FO,NIFTY,NIFTY-CE-23850-27JUN2024,SELL,2106.25,25,84.25,2024-06-27
2024-07-01 11:35:43,FON,FO,NIFTY,NIFTY-CE-24100-04JUL2024,BUY,3550.0,25,142.0,2024-07-04
2024-07-01 12:04:35,FON,FO,NIFTY,NIFTY-CE-24100-04JUL2024,SELL,3625.0,25,145.0,2024-07-04
2024-07-02 12:15:13,FON,FO,NIFTY,NIFTY-PE-24150-04JUL2024,BUY,2625.0,25,105.0,2024-07-04
2024-07-02 13:08:15,FON,FO,NIFTY,NIFTY-PE-24150-04JUL2024,SELL,3450.0,25,138.0,2024-07-04
2024-07-03 12:25:30,FON,FO,NIFTY,NIFTY-CE-24250-04JUL2024,BUY,2367.5,25,94.7,2024-07-04
2024-07-03 12:42:05,FON,FO,NIFTY,NIFTY-CE-24250-04JUL2024,SELL,2500.0,25,100.0,2024-07-04
2024-07-03 14:00:57,FON,FO,NIFTY,NIFTY-PE-24300-04JUL2024,BUY,2275.0,25,91.0,2024-07-04
2024-07-03 14:18:39,FON,FO,NIFTY,NIFTY-PE-24300-04JUL2024,SELL,2343.75,25,93.75,2024-07-04
2024-07-04 00:00:00,NSE,EQ,RTNPOWER,RATTANINDIA POWER LIMITED,SELL,1609.28,94,17.12,
2024-07-04 00:00:00,NSE,EQ,RTNPOWER,RATTANINDIA POWER LIMITED,SELL,1712.0,100,17.12,
2024-07-04 00:00:00,NSE,EQ,RTNPOWER,RATTANINDIA POWER LIMITED,SELL,102.72,6,17.12,
2024-07-04 00:00:00,NSE,EQ,CTL,CAPITAL TRADE LINKS LTD,SELL,2147.78,34,63.17,
2024-07-04 11:11:17,FON,FO,NIFTY,NIFTY-CE-24300-04JUL2024,BUY,1311.25,25,52.45,2024-07-04
2024-07-04 11:36:02,FON,FO,NIFTY,NIFTY-CE-24300-04JUL2024,SELL,1206.25,25,48.25,2024-07-04
2024-07-08 13:14:58,FON,FO,NIFTY,NIFTY-CE-24300-11JUL2024,BUY,2750.0,25,110.0,2024-07-11
2024-07-08 13:29:07,FON,FO,NIFTY,NIFTY-CE-24300-11JUL2024,SELL,2656.25,25,106.25,2024-07-11
2024-07-09 13:01:17,FON,FO,NIFTY,NIFTY-CE-24400-11JUL2024,BUY,4500.0,50,90.0,2024-07-11
2024-07-09 13:18:15,FON,FO,NIFTY,NIFTY-CE-24400-11JUL2024,SELL,5782.5,50,115.65,2024-07-11
2024-07-09 14:01:30,FON,FO,NIFTY,NIFTY-CE-24350-11JUL2024,BUY,3702.5,25,148.1,2024-07-11
2024-07-09 14:08:12,FON,FO,NIFTY,NIFTY-CE-24350-11JUL2024,SELL,3750.0,25,150.0,2024-07-11
2024-07-11 11:00:35,FON,FO,NIFTY,NIFTY-PE-24300-11JUL2024,BUY,4150.0,50,83.0,2024-07-11
2024-07-11 11:02:45,FON,FO,NIFTY,NIFTY-PE-24300-11JUL2024,BUY,3555.0,50,71.1,2024-07-11
2024-07-11 11:04:18,FON,FO,NIFTY,NIFTY-PE-24300-11JUL2024,SELL,3900.0,50,78.0,2024-07-11
2024-07-11 11:11:20,FON,FO,NIFTY,NIFTY-PE-24300-11JUL2024,SELL,3887.5,50,77.75,2024-07-11
2024-07-11 13:55:58,FON,FO,NIFTY,NIFTY-CE-24300-11JUL2024,BUY,657.5,25,26.3,2024-07-11
2024-07-11 14:07:19,FON,FO,NIFTY,NIFTY-CE-24300-11JUL2024,SELL,675.0,25,27.0,2024-07-11
2024-07-18 14:58:18,FON,FO,NIFTY,NIFTY-PE-24800-18JUL2024,BUY,275.0,25,11.0,2024-07-18
2024-07-18 15:26:25,FON,FO,NIFTY,NIFTY-PE-24800-18JUL2024,SELL,3.75,25,0.15,2024-07-18
2024-07-19 12:19:33,FON,FO,NIFTY,NIFTY-CE-24700-25JUL2024,BUY,5200.0,25,208.0,2024-07-25
2024-07-19 12:25:13,FON,FO,NIFTY,NIFTY-CE-24700-25JUL2024,SELL,5025.0,25,201.0,2024-07-25
2024-07-22 13:29:40,FON,FO,NIFTY,NIFTY-CE-24500-25JUL2024,BUY,5625.0,25,225.0,2024-07-25
2024-07-22 14:03:42,FON,FO,NIFTY,NIFTY-CE-24500-25JUL2024,SELL,5675.0,25,227.0,2024-07-25
2024-07-23 10:29:00,FON,FO,NIFTY,NIFTY-PE-24450-25JUL2024,BUY,5775.0,25,231.0,2024-07-25
2024-07-23 10:34:05,FON,FO,NIFTY,NIFTY-PE-24450-25JUL2024,SELL,5206.25,25,208.25,2024-07-25
2024-07-24 13:16:22,FON,FO,NIFTY,NIFTY-CE-24350-25JUL2024,BUY,2075.0,25,83.0,2024-07-25
2024-07-24 13:20:39,FON,FO,NIFTY,NIFTY-CE-24350-25JUL2024,SELL,1875.0,25,75.0,2024-07-25
2024-07-25 14:46:36,FON,FO,NIFTY,NIFTY-PE-24400-25JUL2024,BUY,275.0,25,11.0,2024-07-25
2024-07-26 11:49:13,FON,FO,BANKNIFTY,BANKNIFTY-CE-50800-31JUL2024,BUY,6420.0,15,428.0,2024-07-31
2024-07-26 12:08:24,FON,FO,BANKNIFTY,BANKNIFTY-CE-50800-31JUL2024,SELL,6675.0,15,445.0,2024-07-31
2024-07-29 00:00:00,NSE,EQ,VISESHINFO,VISESH INFOTECNICS LTD,SELL,82.0,200,0.41,
2024-07-29 13:09:49,FON,FO,NIFTY,NIFTY-CE-24850-01AUG2024,BUY,3630.0,25,145.2,2024-08-01
2024-07-29 13:13:47,FON,FO,NIFTY,NIFTY-CE-24850-01AUG2024,SELL,3473.75,25,138.95,2024-08-01
2024-08-01 13:19:53,FON,FO,NIFTY,NIFTY-CE-25000-01AUG2024,BUY,575.0,25,23.0,2024-08-01
2024-08-01 15:25:10,FON,FO,NIFTY,NIFTY-CE-25000-01AUG2024,SELL,275.0,25,11.0,2024-08-01
2024-08-02 13:37:24,FON,FO,BANKNIFTY,BANKNIFTY-CE-51500-07AUG2024,BUY,5644.5,15,376.3,2024-08-07
2024-08-02 13:47:14,FON,FO,BANKNIFTY,BANKNIFTY-CE-51500-07AUG2024,SELL,5853.75,15,390.25,2024-08-07
2024-08-19 12:01:29,FON,FO,NIFTY,NIFTY-CE-24550-22AUG2024,BUY,3152.5,25,126.1,2024-08-22
2024-08-19 12:11:05,FON,FO,NIFTY,NIFTY-CE-24550-22AUG2024,SELL,2988.75,25,119.55,2024-08-22
2024-08-21 11:30:50,FON,FO,NIFTY,NIFTY-CE-24700-22AUG2024,BUY,2150.0,25,86.0,2024-08-22
2024-08-21 11:30:50,FON,FO,NIFTY,NIFTY-CE-24700-22AUG2024,BUY,2153.75,25,86.15,2024-08-22
2024-08-21 11:48:55,FON,FO,NIFTY,NIFTY-CE-24700-22AUG2024,SELL,1938.75,25,77.55,2024-08-22
2024-08-21 13:18:19,FON,FO,NIFTY,NIFTY-CE-24700-22AUG2024,SELL,1925.0,25,77.0,2024-08-22
2024-08-21 13:27:20,FON,FO,NIFTY,NIFTY-PE-24750-22AUG2024,BUY,2250.0,25,90.0,2024-08-22
2024-08-21 13:31:26,FON,FO,NIFTY,NIFTY-PE-24750-22AUG2024,SELL,2025.0,25,81.0,2024-08-22
2024-08-22 11:48:01,FON,FO,NIFTY,NIFTY-CE-24800-22AUG2024,BUY,1995.0,50,39.9,2024-08-22
2024-08-22 13:11:07,FON,FO,NIFTY,NIFTY-CE-24800-22AUG2024,SELL,396.25,25,15.85,2024-08-22
2024-08-22 13:11:07,FON,FO,NIFTY,NIFTY-CE-24800-22AUG2024,SELL,396.25,25,15.85,2024-08-22
2024-08-27 00:00:00,NSE,EQ,GREENPOWER_RE,ORIENT GREEN POWER CO LTD - RE,BUY,0.0,61,0.0,
2024-09-05 13:16:27,FON,FO,NIFTY,NIFTY-PE-25200-05SEP2024,BUY,1000.0,25,40.0,2024-09-05
2024-09-05 14:22:42,FON,FO,NIFTY,NIFTY-PE-25200-05SEP2024,SELL,1200.0,25,48.0,2024-09-05
2024-09-06 13:17:53,FON,FO,NIFTY,NIFTY-PE-24850-12SEP2024,BUY,3763.75,25,150.55,2024-09-12
2024-09-06 13:33:54,FON,FO,NIFTY,NIFTY-PE-24850-12SEP2024,SELL,3467.5,25,138.7,2024-09-12
2024-09-09 13:16:40,FON,FO,NIFTY,NIFTY-CE-24850-12SEP2024,BUY,3325.0,25,133.0,2024-09-12
2024-09-09 13:33:48,FON,FO,NIFTY,NIFTY-CE-24850-12SEP2024,SELL,4278.75,25,171.15,2024-09-12
2024-09-11 10:19:17,FON,FO,NIFTY,NIFTY-CE-25000-12SEP2024,BUY,2375.0,25,95.0,2024-09-12
2024-09-11 10:39:46,FON,FO,BANKNIFTY,BANKNIFTY-CE-51300-11SEP2024,BUY,2367.0,15,157.8,2024-09-11
2024-09-11 10:46:34,FON,FO,BANKNIFTY,BANKNIFTY-CE-51300-11SEP2024,SELL,1890.75,15,126.05,2024-09-11
2024-09-11 10:47:32,FON,FO,NIFTY,NIFTY-CE-25000-12SEP2024,SELL,2346.25,25,93.85,2024-09-12
2024-09-11 12:04:22,FON,FO,NIFTY,NIFTY-CE-25000-12SEP2024,BUY,2951.25,25,118.05,2024-09-12
2024-09-11 12:12:33,FON,FO,NIFTY,NIFTY-CE-25000-12SEP2024,SELL,2750.0,25,110.0,2024-09-12
2024-09-12 11:10:54,FON,FO,NIFTY,NIFTY-CE-25000-12SEP2024,BUY,1450.0,25,58.0,2024-09-12
2024-09-12 11:25:50,FON,FO,NIFTY,NIFTY-CE-25000-12SEP2024,SELL,1196.25,25,47.85,2024-09-12
