exchange,segment,symbol,scrip_name,position,quantity,open_datetime,open_side,open_price,open_amount,close_datetime,close_side,close_price,close_amount,pnl_amount,pnl_percentage
NSE,EQ,AWL,ADANI WILMAR LIMITED,LONG,21,2022-02-07 00:00:00,BUY,230.0,4830.0,2022-02-10 15:26:49,SELL,386.25,8111.25,3281.25,67.93
NSE,EQ,AWL,ADANI WILMAR LIMITED,LONG,4,2022-02-07 00:00:00,BUY,230.0,920.0,2022-02-10 15:26:49,SELL,386.25,1545.0,625.0,67.93
NSE,EQ,BANKBARODA,BANK OF BARODA,LONG,1,2021-10-28 00:00:00,BUY,100.2,100.2,2021-11-08 00:00:00,SELL,103.2,103.2,3.0,2.99
NSE,EQ,CAMPUS,CAMPUS ACTIVEWEAR LIMITED,LONG,5,2022-05-09 00:00:00,BUY,340.0,1700.0,2022-07-06 00:00:00,SELL,346.55,1732.75,32.75,1.93
NSE,EQ,CRESSAN,CRESSANDA SOLUTIONS LTD.,LONG,1,2021-12-30 00:00:00,BUY,6.17,6.17,2022-02-11 00:00:00,SELL,7.95,7.95,1.78,28.85
NSE,EQ,CRESSAN,CRESSANDA SOLUTIONS LTD.,LONG,18,2021-12-30 00:00:00,BUY,6.17,111.06,2022-02-11 00:00:00,SELL,7.95,143.1,32.04,28.85
NSE,EQ,CRESSAN,CRESSANDA SOLUTIONS LTD.,LONG,1,2021-12-30 00:00:00,BUY,6.17,6.17,2022-02-11 00:00:00,SELL,7.95,7.95,1.78,28.85
NSE,EQ,CRESSAN,CRESSANDA SOLUTIONS LTD.,LONG,10,2021-12-31 00:00:00,BUY,6.47,64.7,2022-02-11 00:00:00,SELL,7.95,79.5,14.8,22.87
NSE,EQ,CRESSAN,CRESSANDA SOLUTIONS LTD.,LONG,20,2021-12-31 00:00:00,BUY,6.47,129.4,2022-02-11 00:00:00,SELL,7.95,159.0,29.6,22.87
NSE,EQ,CRESSAN,CRESSANDA SOLUTIONS LTD.,LONG,180,2021-12-31 00:00:00,BUY,6.47,1164.6,2022-02-11 00:00:00,SELL,7.95,1431.0,266.4,22.87
NSE,EQ,CRESSAN,CRESSANDA SOLUTIONS LTD.,LONG,20,2022-01-03 00:00:00,BUY,6.79,135.8,2022-02-11 00:00:00,SELL,7.95,159.0,23.2,17.08
NSE,EQ,CRESSAN,CRESSANDA SOLUTIONS LTD.,LONG,5,2022-01-03 00:00:00,BUY,6.79,33.95,2022-03-17 00:00:00,SELL,12.83,64.15,30.2,88.95
NSE,EQ,CRESSAN,CRESSANDA SOLUTIONS LTD.,LONG,20,2022-01-03 00:00:00,BUY,6.79,135.8,2022-03-17 00:00:00,SELL,12.83,256.6,120.8,88.95
NSE,EQ,CRESSAN,CRESSANDA SOLUTIONS LTD.,LONG,5,2022-01-03 00:00:00,BUY,6.79,33.95,2024-01-19 00:00:00,SELL,24.0,120.0,86.05,253.46
NSE,EQ,CRESSAN,CRESSANDA SOLUTIONS LTD.,LONG,20,2022-01-03 00:00:00,BUY,6.79,135.8,2024-01-19 00:00:00,SELL,24.0,480.0,344.2,253.46
NSE,EQ,CTL,CAPITAL TRADE LINKS LTD,LONG,10,2021-11-24 00:00:00,BUY,7.35,73.5,2021-12-27 00:00:00,SELL,10.75,107.5,34.0,46.26
NSE,EQ,CTL,CAPITAL TRADE LINKS LTD,LONG,14,2021-11-25 00:00:00,BUY,8.65,121.1,2021-12-27 00:00:00,SELL,10.75,150.5,29.4,24.28
NSE,EQ,CTL,CAPITAL TRADE LINKS LTD,LONG,1,2021-11-29 00:00:00,BUY,10.8,10.8,2021-12-27 00:00:00,SELL,10.75,10.75,-0.05,-0.46
NSE,EQ,CTL,CAPITAL TRADE LINKS LTD,LONG,165,2021-11-29 00:00:00,BUY,10.8,1782.0,2021-12-27 00:00:00,SELL,10.75,1773.75,-8.25,-0.46
NSE,EQ,CTL,CAPITAL TRADE LINKS LTD,LONG,34,2021-11-29 00:00:00,BUY,10.8,367.2,2021-12-27 00:00:00,SELL,10.75,365.5,-1.7,-0.46
NSE,EQ,CTL,CAPITAL TRADE LINKS LTD,LONG,276,2021-11-29 00:00:00,BUY,10.8,2980.8,2021-12-27 00:00:00,SELL,10.75,2967.0,-13.8,-0.46
NSE,EQ,CTL,CAPITAL TRADE LINKS LTD,LONG,48,2021-11-29 00:00:00,BUY,10.8,518.4,2022-01-03 00:00:00,SELL,12.84,616.32,97.92,18.89
NSE,EQ,CTL,CAPITAL TRADE LINKS LTD,LONG,276,2021-11-29 00:00:00,BUY,10.8,2980.8,2022-01-03 00:00:00,SELL,12.84,3543.84,563.04,18.89
NSE,EQ,CTL,CAPITAL TRADE LINKS LTD,LONG,1,2021-11-29 00:00:00,BUY,10.8,10.8,2024-01-18 00:00:00,SELL,40.2,40.2,29.4,272.22
NSE,EQ,CTL,CAPITAL TRADE LINKS LTD,LONG,34,2021-11-29 00:00:00,BUY,10.8,367.2,2024-07-04 00:00:00,SELL,63.17,2147.78,1780.58,484.91
NSE,EQ,DATAPATTNS,DATA PATTERNS INDIA LTD,LONG,2,2021-12-24 00:00:00,BUY,796.0,1592.0,2022-08-12 00:00:00,SELL,832.0,1664.0,72.0,4.52
NSE,EQ,EXIDEIND,EXIDE INDUSTRIES LTD,LONG,50,2021-12-22 00:00:00,BUY,158.25,7912.5,2021-12-22 16:00:00,SELL,159.3,7965.0,52.5,0.66
NSE,EQ,GREENPOWER,ORIENT GREEN POWER CO LTD,LONG,200,2021-11-29 00:00:00,BUY,9.25,1850.0,2023-09-07 00:00:00,SELL,13.7,2740.0,890.0,48.11
NSE,EQ,GREENPOWER,ORIENT GREEN POWER CO LTD,LONG,100,2021-11-29 00:00:00,BUY,9.25,925.0,2023-11-20 00:00:00,SELL,23.2,2320.0,1395.0,150.81
NSE,EQ,GREENPOWER,ORIENT GREEN POWER CO LTD,LONG,200,2021-11-29 00:00:00,BUY,9.25,1850.0,2023-11-20 00:00:00,SELL,23.2,4640.0,2790.0,150.81
NSE,EQ,GREENPOWER,ORIENT GREEN POWER CO LTD,LONG,100,2022-01-21 00:00:00,BUY,22.05,2205.0,2023-11-20 00:00:00,SELL,23.2,2320.0,115.0,5.22
NSE,EQ,JPPOWER,JAIPRAKASH POWER VEN. LTD,LONG,20,2021-12-20 00:00:00,BUY,4.8,96.0,2022-05-25 00:00:00,SELL,7.0,140.0,44.0,45.83
NSE,EQ,JPPOWER,JAIPRAKASH POWER VEN. LTD,LONG,30,2021-12-21 00:00:00,BUY,5.0,150.0,2022-05-25 00:00:00,SELL,7.0,210.0,60.0,40.0
NSE,EQ,JPPOWER,JAIPRAKASH POWER VEN. LTD,LONG,30,2021-12-29 00:00:00,BUY,6.65,199.5,2022-05-25 00:00:00,SELL,7.0,210.0,10.5,5.26
NSE,EQ,JPPOWER,JAIPRAKASH POWER VEN. LTD,LONG,20,2021-12-29 00:00:00,BUY,6.65,133.0,2022-05-25 00:00:00,SELL,7.0,140.0,7.0,5.26
NSE,EQ,LLOYDSENGG,LLOYDS ENGG WORK LIMITED,LONG,3,2021-11-15 00:00:00,BUY,8.3,24.9,2022-02-28 00:00:00,SELL,12.62,37.86,12.96,52.05
NSE,EQ,LLOYDSENGG,LLOYDS ENGG WORK LIMITED,LONG,7,2021-11-22 00:00:00,BUY,9.65,67.55,2022-02-28 00:00:00,SELL,12.63,88.41,20.86,30.88
NSE,EQ,LLOYDSENGG,LLOYDS ENGG WORK LIMITED,LONG,50,2021-11-24 00:00:00,BUY,11.07,553.5,2022-02-28 00:00:00,SELL,12.63,631.5,78.0,14.09
NSE,EQ,LLOYDSENGG,LLOYDS ENGG WORK LIMITED,LONG,40,2021-11-24 00:00:00,BUY,11.07,442.8,2022-02-28 00:00:00,SELL,12.63,505.2,62.4,14.09
NSE,EQ,LLOYDSENGG,LLOYDS ENGG WORK LIMITED,LONG,300,2021-11-29 00:00:00,BUY,12.5,3750.0,2022-02-28 00:00:00,SELL,12.63,3789.0,39.0,1.04
NSE,EQ,LLOYDSENGG,LLOYDS ENGG WORK LIMITED,LONG,100,2021-11-29 00:00:00,BUY,12.5,1250.0,2022-02-28 00:00:00,SELL,12.63,1263.0,13.0,1.04
NSE,EQ,LLOYDSENGG,LLOYDS ENGG WORK LIMITED,LONG,200,2021-11-29 00:00:00,BUY,12.5,2500.0,2022-02-28 00:00:00,SELL,12.63,2526.0,26.0,1.04
NSE,EQ,LLOYDSENGG,LLOYDS ENGG WORK LIMITED,LONG,203,2021-11-29 00:00:00,BUY,12.5,2537.5,2022-02-28 00:00:00,SELL,12.63,2563.89,26.39,1.04
NSE,EQ,LLOYDSENGG,LLOYDS ENGG WORK LIMITED,LONG,40,2021-11-29 00:00:00,BUY,12.5,500.0,2022-02-28 00:00:00,SELL,12.63,505.2,5.2,1.04
NSE,EQ,LLOYDSENGG,LLOYDS ENGG WORK LIMITED,LONG,50,2021-11-29 00:00:00,BUY,12.5,625.0,2022-02-28 00:00:00,SELL,12.63,631.5,6.5,1.04
NSE,EQ,LLOYDSENGG,LLOYDS ENGG WORK LIMITED,LONG,7,2021-11-29 00:00:00,BUY,12.5,87.5,2022-02-28 00:00:00,SELL,12.62,88.34,0.84,0.96
NSE,EQ,LLOYDSENGG,LLOYDS ENGG WORK LIMITED,LONG,300,2021-11-29 00:00:00,BUY,12.5,3750.0,2022-05-09 00:00:00,SELL,14.1,4230.0,480.0,12.8
NSE,EQ,LLOYDSENGG,LLOYDS ENGG WORK LIMITED,LONG,200,2021-11-29 00:00:00,BUY,12.5,2500.0,2022-05-09 00:00:00,SELL,13.83,2766.0,266.0,10.64
NSE,EQ,PNB,PUNJAB NATIONAL BANK,LONG,2,2021-10-26 00:00:00,BUY,45.35,90.7,2021-12-23 00:00:00,SELL,37.95,75.9,-14.8,-16.32
NSE,EQ,PRAKASHSTL,PRAKASH STEELAGE LTD,LONG,10,2021-12-21 00:00:00,BUY,5.2,52.0,2023-11-23 00:00:00,SELL,5.5,55.0,3.0,5.77
NSE,EQ,PRAKASHSTL,PRAKASH STEELAGE LTD,LONG,10,2021-12-21 00:00:00,BUY,5.2,52.0,2023-11-23 00:00:00,SELL,5.5,55.0,3.0,5.77
NSE,EQ,PRAKASHSTL,PRAKASH STEELAGE LTD,LONG,10,2021-12-22 00:00:00,BUY,4.95,49.5,2023-11-23 00:00:00,SELL,5.5,55.0,5.5,11.11
NSE,EQ,PRAKASHSTL,PRAKASH STEELAGE LTD,LONG,10,2021-12-22 00:00:00,BUY,5.0,50.0,2023-11-23 00:00:00,SELL,5.5,55.0,5.0,10.0
NSE,EQ,PRAKASHSTL,PRAKASH STEELAGE LTD,LONG,150,2021-12-29 00:00:00,BUY,6.15,922.5,2023-11-23 00:00:00,SELL,5.5,825.0,-97.5,-10.57
NSE,EQ,PRAKASHSTL,PRAKASH STEELAGE LTD,LONG,50,2021-12-29 00:00:00,BUY,6.05,302.5,2023-11-23 00:00:00,SELL,5.5,275.0,-27.5,-9.09
NSE,EQ,RPOWER,RELIANCE POWER LTD.,LONG,80,2022-01-11 00:00:00,BUY,15.3,1224.0,2022-02-21 00:00:00,SELL,14.0,1120.0,-104.0,-8.5
NSE,EQ,RPOWER,RELIANCE POWER LTD.,LONG,10,2022-01-11 00:00:00,BUY,15.3,153.0,2022-02-21 00:00:00,SELL,14.0,140.0,-13.0,-8.5
NSE,EQ,RPOWER,RELIANCE POWER LTD.,LONG,10,2022-01-25 00:00:00,BUY,15.0,150.0,2022-02-21 00:00:00,SELL,14.0,140.0,-10.0,-6.67
NSE,EQ,RTNPOWER,RATTANINDIA POWER LIMITED,LONG,50,2021-12-29 00:00:00,BUY,6.75,337.5,2024-01-18 00:00:00,SELL,10.5,525.0,187.5,55.56
NSE,EQ,RTNPOWER,RATTANINDIA POWER LIMITED,LONG,100,2022-01-03 00:00:00,BUY,7.7,770.0,2024-01-18 00:00:00,SELL,10.5,1050.0,280.0,36.36
NSE,EQ,RTNPOWER,RATTANINDIA POWER LIMITED,LONG,50,2022-01-03 00:00:00,BUY,7.65,382.5,2024-01-18 00:00:00,SELL,10.5,525.0,142.5,37.25
NSE,EQ,RTNPOWER,RATTANINDIA POWER LIMITED,LONG,6,2022-01-06 00:00:00,BUY,7.4,44.4,2024-01-18 00:00:00,SELL,10.5,63.0,18.6,41.89
NSE,EQ,RTNPOWER,RATTANINDIA POWER LIMITED,LONG,88,2022-01-06 00:00:00,BUY,7.4,651.2,2024-01-18 00:00:00,SELL,10.5,924.0,272.8,41.89
NSE,EQ,RTNPOWER,RATTANINDIA POWER LIMITED,LONG,6,2022-01-06 00:00:00,BUY,7.4,44.4,2024-01-18 00:00:00,SELL,10.5,63.0,18.6,41.89
NSE,EQ,RTNPOWER,RATTANINDIA POWER LIMITED,LONG,100,2022-01-06 00:00:00,BUY,7.4,740.0,2024-01-18 00:00:00,SELL,10.5,1050.0,310.0,41.89
NSE,EQ,RTNPOWER,RATTANINDIA POWER LIMITED,LONG,50,2022-01-06 00:00:00,BUY,7.4,370.0,2024-01-18 00:00:00,SELL,10.5,525.0,155.0,41.89
NSE,EQ,RTNPOWER,RATTANINDIA POWER LIMITED,LONG,50,2022-01-06 00:00:00,BUY,7.4,370.0,2024-01-18 00:00:00,SELL,10.5,525.0,155.0,41.89
NSE,EQ,RTNPOWER,RATTANINDIA POWER LIMITED,LONG,6,2022-01-06 00:00:00,BUY,7.3,43.8,2024-07-04 00:00:00,SELL,17.12,102.72,58.92,134.52
NSE,EQ,RTNPOWER,RATTANINDIA POWER LIMITED,LONG,88,2022-01-07 00:00:00,BUY,7.45,655.6,2024-07-04 00:00:00,SELL,17.12,1506.56,850.96,129.8
NSE,EQ,RTNPOWER,RATTANINDIA POWER LIMITED,LONG,6,2022-01-07 00:00:00,BUY,7.45,44.7,2024-07-04 00:00:00,SELL,17.12,102.72,58.02,129.8
NSE,EQ,RTNPOWER,RATTANINDIA POWER LIMITED,LONG,94,2022-01-07 00:00:00,BUY,7.5,705.0,2024-07-04 00:00:00,SELL,17.12,1609.28,904.28,128.27
NSE,EQ,RTNPOWER,RATTANINDIA POWER LIMITED,LONG,6,2022-01-07 00:00:00,BUY,7.5,45.0,2024-07-04 00:00:00,SELL,17.12,102.72,57.72,128.27
NSE,EQ,SINTEX,SINTEX INDUSTRIES LTD,LONG,740,2021-11-29 00:00:00,BUY,13.45,9953.0,2021-12-23 00:00:00,SELL,13.65,10101.0,148.0,1.49
NSE,EQ,SWORDEDGE,SWORD-EDGE COMMERCIALS LIMITED,LONG,200,2021-12-24 00:00:00,BUY,1.15,230.0,2022-02-24 00:00:00,SELL,0.82,164.0,-66.0,-28.7
NSE,EQ,SWORDEDGE,SWORD-EDGE COMMERCIALS LIMITED,LONG,200,2021-12-28 00:00:00,BUY,1.26,252.0,2022-02-24 00:00:00,SELL,0.82,164.0,-88.0,-34.92
NSE,EQ,SWORDEDGE,SWORD-EDGE COMMERCIALS LIMITED,LONG,200,2022-02-04 00:00:00,BUY,0.0,0.0,2022-02-24 00:00:00,SELL,0.82,164.0,164.0,
NSE,EQ,SWORDEDGE,SWORD-EDGE COMMERCIALS LIMITED,LONG,200,2022-02-04 00:00:00,BUY,0.0,0.0,2022-05-20 00:00:00,SELL,0.77,154.0,154.0,
NSE,EQ,TTML,TATA TELESERV(MAHARASTRA),LONG,7,2021-11-26 00:00:00,BUY,96.6,676.2,2021-11-26 00:00:00,SELL,102.0,714.0,37.8,5.59
NSE,EQ,TTML,TATA TELESERV(MAHARASTRA),LONG,43,2021-11-26 00:00:00,BUY,97.25,4181.75,2021-11-26 00:00:00,SELL,102.0,4386.0,204.25,4.88
NSE,EQ,TTML,TATA TELESERV(MAHARASTRA),LONG,7,2021-11-26 00:00:00,BUY,97.25,680.75,2021-11-26 00:00:00,SELL,102.0,714.0,33.25,4.88
NSE,EQ,TTML,TATA TELESERV(MAHARASTRA),LONG,36,2021-11-26 00:00:00,BUY,94.05,3385.8,2021-11-26 00:00:00,SELL,102.0,3672.0,286.2,8.45
NSE,EQ,TTML,TATA TELESERV(MAHARASTRA),LONG,7,2021-11-26 00:00:00,BUY,94.05,658.35,2021-11-26 00:00:00,SELL,102.0,714.0,55.65,8.45
NSE,EQ,TTML,TATA TELESERV(MAHARASTRA),LONG,13,2021-11-26 00:00:00,BUY,99.45,1292.85,2021-11-29 00:00:00,SELL,107.2,1393.6,100.75,7.79
NSE,EQ,TTML,TATA TELESERV(MAHARASTRA),LONG,7,2021-11-26 00:00:00,BUY,99.2,694.4,2021-11-29 00:00:00,SELL,107.2,750.4,56.0,8.06
NSE,EQ,TTML,TATA TELESERV(MAHARASTRA),LONG,46,2021-11-29 00:00:00,BUY,106.0,4876.0,2021-11-29 00:00:00,SELL,107.2,4931.2,55.2,1.13
NSE,EQ,TTML,TATA TELESERV(MAHARASTRA),LONG,20,2021-11-29 00:00:00,BUY,106.0,2120.0,2021-11-29 00:00:00,SELL,107.2,2144.0,24.0,1.13
NSE,EQ,TTML,TATA TELESERV(MAHARASTRA),LONG,64,2021-11-29 00:00:00,BUY,97.65,6249.6,2021-11-29 00:00:00,SELL,107.2,6860.8,611.2,9.78
NSE,EQ,TTML,TATA TELESERV(MAHARASTRA),LONG,20,2021-11-29 00:00:00,BUY,97.65,1953.0,2022-05-06 00:00:00,SELL,138.4,2768.0,815.0,41.73
NSE,EQ,TTML,TATA TELESERV(MAHARASTRA),LONG,7,2021-11-29 00:00:00,BUY,97.65,683.55,2022-05-06 00:00:00,SELL,138.4,968.8,285.25,41.73
NSE,EQ,TTML,TATA TELESERV(MAHARASTRA),LONG,13,2021-11-29 00:00:00,BUY,97.65,1269.45,2022-05-06 00:00:00,SELL,138.4,1799.2,529.75,41.73
NSE,EQ,TTML,TATA TELESERV(MAHARASTRA),LONG,10,2021-12-23 00:00:00,BUY,154.1,1541.0,2022-05-06 00:00:00,SELL,138.4,1384.0,-157.0,-10.19
NSE,EQ,TTML,TATA TELESERV(MAHARASTRA),LONG,20,2021-12-24 00:00:00,BUY,161.8,3236.0,2022-05-06 00:00:00,SELL,138.4,2768.0,-468.0,-14.46
NSE,EQ,URJA,URJA GLOBAL LIMITED,LONG,50,2021-12-27 00:00:00,BUY,17.0,850.0,2024-03-13 00:00:00,SELL,20.0,1000.0,150.0,17.65
NSE,EQ,URJA,URJA GLOBAL LIMITED,LONG,50,2022-01-04 00:00:00,BUY,22.8,1140.0,2024-03-13 00:00:00,SELL,20.0,1000.0,-140.0,-12.28
NSE,EQ,VIJIFIN,VIJI FINANCE LIMITED,LONG,50,2021-12-31 00:00:00,BUY,6.25,312.5,2022-01-10 00:00:00,SELL,5.7,285.0,-27.5,-8.8
NSE,EQ,VIJIFIN,VIJI FINANCE LIMITED,LONG,50,2021-12-31 00:00:00,BUY,6.25,312.5,2022-01-10 00:00:00,SELL,5.7,285.0,-27.5,-8.8
NSE,EQ,VIRTUALG,VIRTUAL GLOBAL EDUCATION LTD.,LONG,100,2021-11-26 00:00:00,BUY,0.9,90.0,2021-12-03 00:00:00,SELL,1.11,111.0,21.0,23.33
NSE,EQ,VIRTUALG,VIRTUAL GLOBAL EDUCATION LTD.,LONG,100,2021-11-26 00:00:00,BUY,0.93,93.0,2021-12-03 00:00:00,SELL,1.11,111.0,18.0,19.35
NSE,EQ,VIRTUALG,VIRTUAL GLOBAL EDUCATION LTD.,LONG,100,2021-11-26 00:00:00,BUY,0.97,97.0,2021-12-03 00:00:00,SELL,1.11,111.0,14.0,14.43
NSE,EQ,VIRTUALG,VIRTUAL GLOBAL EDUCATION LTD.,LONG,100,2021-11-26 00:00:00,BUY,0.94,94.0,2021-12-03 00:00:00,SELL,1.11,111.0,17.0,18.09
NSE,EQ,VIRTUALG,VIRTUAL GLOBAL EDUCATION LTD.,LONG,200,2021-12-02 00:00:00,BUY,1.16,232.0,2022-06-03 00:00:00,SELL,1.4,280.0,48.0,20.69
NSE,EQ,VIRTUALG,VIRTUAL GLOBAL EDUCATION LTD.,LONG,100,2021-12-02 00:00:00,BUY,1.16,116.0,2022-06-03 00:00:00,SELL,1.4,140.0,24.0,20.69
NSE,EQ,VIRTUALG,VIRTUAL GLOBAL EDUCATION LTD.,LONG,200,2021-12-21 00:00:00,BUY,1.59,318.0,2022-06-03 00:00:00,SELL,1.4,280.0,-38.0,-11.95
NSE,EQ,VISESHINFO,VISESH INFOTECNICS LTD,LONG,200,2022-01-24 00:00:00,BUY,1.45,290.0,2024-07-29 00:00:00,SELL,0.41,82.0,-208.0,-71.72
NSE,EQ,YAMNINV,YAMINI INVESTMENTS COMPANY LTD,LONG,100,2021-11-25 00:00:00,BUY,0.97,97.0,2022-02-08 00:00:00,SELL,2.36,236.0,139.0,143.3
FON,FO,BANKNIFTY,BANKNIFTY-CE-33500-12MAY2022,LONG,25,2022-05-12 14:51:46,BUY,51.0,1275.0,2022-05-12 14:54:06,SELL,58.0,1450.0,175.0,13.73
FON,FO,BANKNIFTY,BANKNIFTY-CE-33500-12MAY2022,LONG,25,2022-05-12 14:58:30,BUY,53.0,1325.0,2022-05-12 15:01:28,SELL,58.0,1450.0,125.0,9.43
FON,FO,BANKNIFTY,BANKNIFTY-CE-34100-19MAY2022,LONG,25,2022-05-17 11:28:04,BUY,320.0,8000.0,2022-05-17 11:55:36,SELL,335.0,8375.0,375.0,4.69
FON,FO,BANKNIFTY,BANKNIFTY-CE-34200-19MAY2022,LONG,25,2022-05-17 14:05:27,BUY,339.0,8475.0,2022-05-17 14:19:51,SELL,345.0,8625.0,150.0,1.77
FON,FO,BANKNIFTY,BANKNIFTY-CE-34600-10MAR2022,LONG,25,2022-03-10 15:08:05,BUY,14.0,350.0,2022-03-10 15:12:27,SELL,28.0,700.0,350.0,100.0
FON,FO,BANKNIFTY,BANKNIFTY-CE-34600-10MAR2022,LONG,25,2022-03-10 15:15:29,BUY,11.0,275.0,2022-03-10 15:23:44,SELL,0.8,20.0,-255.0,-92.73
FON,FO,BANKNIFTY,BANKNIFTY-CE-35100-10MAR2022,LONG,25,2022-03-10 10:11:26,BUY,240.0,6000.0,2022-03-10 10:26:18,SELL,340.85,8521.25,2521.25,42.02
FON,FO,BANKNIFTY,BANKNIFTY-CE-35800-05MAY2022,LONG,25,2022-05-05 10:25:58,BUY,124.25,3106.25,2022-05-05 11:33:12,SELL,113.0,2825.0,-281.25,-9.05
FON,FO,BANKNIFTY,BANKNIFTY-CE-36300-28APR2022,LONG,25,2022-04-28 13:46:25,BUY,106.0,2650.0,2022-04-28 14:25:55,SELL,121.45,3036.25,386.25,14.58
FON,FO,BANKNIFTY,BANKNIFTY-CE-36500-17MAR2022,LONG,25,2022-03-17 10:10:13,BUY,175.0,4375.0,2022-03-17 10:58:04,SELL,155.0,3875.0,-500.0,-11.43
FON,FO,BANKNIFTY,BANKNIFTY-CE-46500-21FEB2024,LONG,15,2024-02-16 13:39:08,BUY,469.0,7035.0,2024-02-16 13:57:05,SELL,522.4,7836.0,801.0,11.39
FON,FO,BANKNIFTY,BANKNIFTY-CE-49900-12JUN2024,LONG,30,2024-06-12 14:46:55,BUY,98.0,2940.0,2024-06-12 14:58:50,SELL,40.05,1201.5,-1738.5,-59.13
FON,FO,BANKNIFTY,BANKNIFTY-CE-50800-31JUL2024,LONG,15,2024-07-26 11:49:13,BUY,428.0,6420.0,2024-07-26 12:08:24,SELL,445.0,6675.0,255.0,3.97
FON,FO,BANKNIFTY,BANKNIFTY-CE-51300-11SEP2024,LONG,15,2024-09-11 10:39:46,BUY,157.8,2367.0,2024-09-11 10:46:34,SELL,126.05,1890.75,-476.25,-20.12
FON,FO,BANKNIFTY,BANKNIFTY-CE-51500-07AUG2024,LONG,15,2024-08-02 13:37:24,BUY,376.3,5644.5,2024-08-02 13:47:14,SELL,390.25,5853.75,209.25,3.71
FON,FO,BANKNIFTY,BANKNIFTY-PE-33900-12MAY2022,LONG,25,2022-05-12 10:13:28,BUY,200.0,5000.0,2022-05-12 10:37:34,SELL,150.0,3750.0,-1250.0,-25.0
FON,FO,BANKNIFTY,BANKNIFTY-PE-35300-05MAY2022,LONG,25,2022-05-05 14:38:35,BUY,75.0,1875.0,2022-05-05 15:26:49,SELL,69.0,1725.0,-150.0,-8.0
FON,FO,BANKNIFTY,BANKNIFTY-PE-35500-02JUN2022,LONG,25,2022-06-01 09:55:31,BUY,231.0,5775.0,2022-06-01 10:12:43,SELL,205.0,5125.0,-650.0,-11.26
FON,FO,BANKNIFTY,BANKNIFTY-PE-35600-02JUN2022,LONG,25,2022-05-31 12:48:55,BUY,272.0,6800.0,2022-05-31 12:51:17,SELL,275.0,6875.0,75.0,1.1
FON,FO,BANKNIFTY,BANKNIFTY-PE-35600-02JUN2022,LONG,25,2022-05-31 12:57:37,BUY,265.0,6625.0,2022-05-31 13:17:03,SELL,240.0,6000.0,-625.0,-9.43
FON,FO,BANKNIFTY,BANKNIFTY-PE-35700-05MAY2022,LONG,50,2022-05-05 11:52:15,BUY,79.0,3950.0,2022-05-05 11:55:14,SELL,88.0,4400.0,450.0,11.39
FON,FO,BANKNIFTY,BANKNIFTY-PE-35700-05MAY2022,LONG,50,2022-05-05 12:02:01,BUY,128.0,6400.0,2022-05-05 12:15:20,SELL,110.0,5500.0,-900.0,-14.06
FON,FO,BANKNIFTY,BANKNIFTY-PE-35800-02JUN2022,LONG,25,2022-05-30 12:36:43,BUY,330.0,8250.0,2022-05-30 13:12:22,SELL,310.0,7750.0,-500.0,-6.06
FON,FO,BANKNIFTY,BANKNIFTY-PE-46500-21FEB2024,LONG,15,2024-02-16 13:32:23,BUY,430.0,6450.0,2024-02-16 13:35:44,SELL,375.0,5625.0,-825.0,-12.79
FON,FO,FINNIFTY,FINNIFTY  -CE-22500-18JUN2024,LONG,40,2024-06-18 11:22:38,BUY,34.35,1374.0,2024-06-18 11:31:38,SELL,25.0,1000.0,-374.0,-27.22
FON,FO,FINNIFTY,FINNIFTY  -PE-23050-25JUN2024,LONG,40,2024-06-20 14:01:07,BUY,166.3,6652.0,2024-06-20 14:15:18,SELL,160.0,6400.0,-252.0,-3.79
FON,FO,NIFTY,NIFTY-CE-15950-19MAY2022,LONG,50,2022-05-17 09:35:02,BUY,133.0,6650.0,2022-05-17 09:53:08,SELL,128.0,6400.0,-250.0,-3.76
FON,FO,NIFTY,NIFTY-CE-16050-19MAY2022,LONG,50,2022-05-13 13:19:50,BUY,191.0,9550.0,2022-05-13 14:24:51,SELL,111.0,5550.0,-4000.0,-41.88
FON,FO,NIFTY,NIFTY-CE-16150-19MAY2022,LONG,50,2022-05-17 12:55:12,BUY,135.0,6750.0,2022-05-17 13:53:56,SELL,135.0,6750.0,0.0,0.0
FON,FO,NIFTY,NIFTY-CE-16200-26MAY2022,LONG,50,2022-05-20 10:06:15,BUY,160.0,8000.0,2022-05-20 12:02:50,SELL,164.0,8200.0,200.0,2.5
FON,FO,NIFTY,NIFTY-CE-16450-12MAY2022,LONG,50,2022-05-06 11:38:23,BUY,160.0,8000.0,2022-05-06 12:25:26,SELL,161.9,8095.0,95.0,1.19
FON,FO,NIFTY,NIFTY-CE-16550-02JUN2022,LONG,50,2022-06-02 10:30:29,BUY,48.0,2400.0,2022-06-02 10:44:06,SELL,51.0,2550.0,150.0,6.25
FON,FO,NIFTY,NIFTY-CE-16600-02JUN2022,LONG,50,2022-05-31 12:03:56,BUY,154.0,7700.0,2022-05-31 12:36:58,SELL,135.0,6750.0,-950.0,-12.34
FON,FO,NIFTY,NIFTY-CE-16600-02JUN2022,LONG,100,2022-06-02 13:47:10,BUY,38.0,3800.0,2022-06-02 14:03:22,SELL,40.0,4000.0,200.0,5.26
FON,FO,NIFTY,NIFTY-CE-16600-02JUN2022,LONG,50,2022-06-02 14:05:30,BUY,44.0,2200.0,2022-06-02 14:14:12,SELL,40.0,2000.0,-200.0,-9.09
FON,FO,NIFTY,NIFTY-CE-16600-02JUN2022,LONG,50,2022-06-02 14:05:30,BUY,44.0,2200.0,2022-06-02 14:14:32,SELL,43.0,2150.0,-50.0,-2.27
FON,FO,NIFTY,NIFTY-CE-16600-02JUN2022,LONG,100,2022-06-02 14:19:58,BUY,42.0,4200.0,2022-06-02 14:36:58,SELL,35.0,3500.0,-700.0,-16.67
FON,FO,NIFTY,NIFTY-CE-16650-02JUN2022,LONG,50,2022-05-31 14:30:28,BUY,125.0,6250.0,2022-05-31 14:35:43,SELL,111.0,5550.0,-700.0,-11.2
FON,FO,NIFTY,NIFTY-CE-16650-02JUN2022,LONG,50,2022-06-01 10:37:19,BUY,80.0,4000.0,2022-06-01 12:03:43,SELL,61.0,3050.0,-950.0,-23.75
FON,FO,NIFTY,NIFTY-CE-17000-05MAY2022,LONG,50,2022-05-02 12:15:14,BUY,149.0,7450.0,2022-05-02 12:47:57,SELL,140.0,7000.0,-450.0,-6.04
FON,FO,NIFTY,NIFTY-CE-17000-05MAY2022,LONG,50,2022-05-02 13:12:00,BUY,150.0,7500.0,2022-05-02 14:30:31,SELL,130.0,6500.0,-1000.0,-13.33
FON,FO,NIFTY,NIFTY-CE-17050-05MAY2022,LONG,50,2022-05-02 15:02:29,BUY,140.0,7000.0,2022-05-02 15:11:54,SELL,145.0,7250.0,250.0,3.57
FON,FO,NIFTY,NIFTY-CE-17200-24MAR2022,LONG,50,2022-03-24 13:35:11,BUY,43.0,2150.0,2022-03-24 13:47:50,SELL,25.0,1250.0,-900.0,-41.86
FON,FO,NIFTY,NIFTY-CE-17250-24MAR2022,LONG,50,2022-03-24 11:14:46,BUY,71.0,3550.0,2022-03-24 11:54:25,SELL,45.0,2250.0,-1300.0,-36.62
FON,FO,NIFTY,NIFTY-CE-20800-07DEC2023,LONG,50,2023-12-05 13:44:10,BUY,108.0,5400.0,2023-12-05 15:11:06,SELL,121.75,6087.5,687.5,12.73
FON,FO,NIFTY,NIFTY-CE-20850-14DEC2023,LONG,50,2023-12-13 13:21:37,BUY,64.75,3237.5,2023-12-13 14:17:24,SELL,79.15,3957.5,720.0,22.24
FON,FO,NIFTY,NIFTY-CE-20950-14DEC2023,LONG,50,2023-12-08 14:55:19,BUY,115.0,5750.0,2023-12-08 15:09:58,SELL,141.0,7050.0,1300.0,22.61
FON,FO,NIFTY,NIFTY-CE-21100-14DEC2023,LONG,50,2023-12-14 13:11:54,BUY,75.0,3750.0,2023-12-14 13:50:40,SELL,91.0,4550.0,800.0,21.33
FON,FO,NIFTY,NIFTY-CE-21250-21DEC2023,LONG,50,2023-12-21 14:41:07,BUY,31.35,1567.5,2023-12-21 15:24:11,SELL,4.7,235.0,-1332.5,-85.01
FON,FO,NIFTY,NIFTY-CE-21350-21DEC2023,LONG,50,2023-12-15 12:47:04,BUY,123.0,6150.0,2023-12-15 13:13:49,SELL,120.4,6020.0,-130.0,-2.11
FON,FO,NIFTY,NIFTY-CE-21400-25JAN2024,LONG,50,2024-01-24 15:00:52,BUY,133.0,6650.0,2024-01-24 15:04:23,SELL,120.0,6000.0,-650.0,-9.77
FON,FO,NIFTY,NIFTY-CE-21500-21DEC2023,LONG,50,2023-12-19 14:32:15,BUY,88.0,4400.0,2023-12-19 14:46:45,SELL,82.0,4100.0,-300.0,-6.82
FON,FO,NIFTY,NIFTY-CE-21500-28DEC2023,LONG,50,2023-12-26 12:02:12,BUY,103.0,5150.0,2023-12-26 12:29:30,SELL,96.75,4837.5,-312.5,-6.07
FON,FO,NIFTY,NIFTY-CE-21750-01FEB2024,LONG,50,2024-02-01 12:53:39,BUY,42.0,2100.0,2024-02-01 13:02:04,SELL,26.55,1327.5,-772.5,-36.79
FON,FO,NIFTY,NIFTY-CE-21750-04JAN2024,LONG,50,2024-01-01 13:30:51,BUY,126.0,6300.0,2024-01-01 14:10:03,SELL,165.0,8250.0,1950.0,30.95
FON,FO,NIFTY,NIFTY-CE-21750-28DEC2023,LONG,50,2023-12-28 09:50:55,BUY,63.0,3150.0,2023-12-28 09:56:13,SELL,57.0,2850.0,-300.0,-9.52
FON,FO,NIFTY,NIFTY-CE-21900-18JAN2024,LONG,50,2024-01-12 11:01:15,BUY,120.0,6000.0,2024-01-12 11:05:39,SELL,112.0,5600.0,-400.0,-6.67
FON,FO,NIFTY,NIFTY-CE-21950-21MAR2024,LONG,50,2024-03-21 12:39:12,BUY,53.0,2650.0,2024-03-21 12:49:44,SELL,47.0,2350.0,-300.0,-11.32
FON,FO,NIFTY,NIFTY-CE-21950-22FEB2024,LONG,50,2024-02-22 13:39:46,BUY,45.0,2250.0,2024-02-22 14:05:10,SELL,119.0,5950.0,3700.0,164.44
FON,FO,NIFTY,NIFTY-CE-21950-29FEB2024,LONG,50,2024-02-29 13:17:24,BUY,68.95,3447.5,2024-02-29 13:19:18,SELL,60.0,3000.0,-447.5,-12.98
FON,FO,NIFTY,NIFTY-CE-22050-16MAY2024,LONG,50,2024-05-10 13:30:49,BUY,153.05,7652.5,2024-05-10 14:01:51,SELL,157.6,7880.0,227.5,2.97
FON,FO,NIFTY,NIFTY-CE-22400-04APR2024,LONG,50,2024-04-02 12:41:01,BUY,111.0,5550.0,2024-04-02 12:51:52,SELL,106.95,5347.5,-202.5,-3.65
FON,FO,NIFTY,NIFTY-CE-22400-06JUN2024,LONG,25,2024-06-05 13:55:06,BUY,176.95,4423.75,2024-06-05 14:12:07,SELL,190.25,4756.25,332.5,7.52
FON,FO,NIFTY,NIFTY-CE-22450-25APR2024,LONG,50,2024-04-24 13:22:07,BUY,73.05,3652.5,2024-04-24 13:37:09,SELL,67.0,3350.0,-302.5,-8.28
FON,FO,NIFTY,NIFTY-CE-22700-06JUN2024,LONG,25,2024-06-06 13:32:05,BUY,80.0,2000.0,2024-06-06 13:49:38,SELL,110.0,2750.0,750.0,37.5
FON,FO,NIFTY,NIFTY-CE-22700-10APR2024,LONG,50,2024-04-10 13:22:14,BUY,26.3,1315.0,2024-04-10 13:48:18,SELL,27.5,1375.0,60.0,4.56
FON,FO,NIFTY,NIFTY-CE-23450-27JUN2024,LONG,25,2024-06-24 10:25:22,BUY,125.0,3125.0,2024-06-24 11:14:05,SELL,165.0,4125.0,1000.0,32.0
FON,FO,NIFTY,NIFTY-CE-23850-27JUN2024,LONG,25,2024-06-26 14:07:22,BUY,98.0,2450.0,2024-06-26 14:23:29,SELL,91.0,2275.0,-175.0,-7.14
FON,FO,NIFTY,NIFTY-CE-23850-27JUN2024,LONG,25,2024-06-27 10:53:34,BUY,81.8,2045.0,2024-06-27 11:19:53,SELL,84.25,2106.25,61.25,3.0
FON,FO,NIFTY,NIFTY-CE-24100-04JUL2024,LONG,25,2024-07-01 11:35:43,BUY,142.0,3550.0,2024-07-01 12:04:35,SELL,145.0,3625.0,75.0,2.11
FON,FO,NIFTY,NIFTY-CE-24250-04JUL2024,LONG,25,2024-07-03 12:25:30,BUY,94.7,2367.5,2024-07-03 12:42:05,SELL,100.0,2500.0,132.5,5.6
FON,FO,NIFTY,NIFTY-CE-24300-04JUL2024,LONG,25,2024-07-04 11:11:17,BUY,52.45,1311.25,2024-07-04 11:36:02,SELL,48.25,1206.25,-105.0,-8.01
FON,FO,NIFTY,NIFTY-CE-24300-11JUL2024,LONG,25,2024-07-08 13:14:58,BUY,110.0,2750.0,2024-07-08 13:29:07,SELL,106.25,2656.25,-93.75,-3.41
FON,FO,NIFTY,NIFTY-CE-24300-11JUL2024,LONG,25,2024-07-11 13:55:58,BUY,26.3,657.5,2024-07-11 14:07:19,SELL,27.0,675.0,17.5,2.66
FON,FO,NIFTY,NIFTY-CE-24350-11JUL2024,LONG,25,2024-07-09 14:01:30,BUY,148.1,3702.5,2024-07-09 14:08:12,SELL,150.0,3750.0,47.5,1.28
FON,FO,NIFTY,NIFTY-CE-24350-25JUL2024,LONG,25,2024-07-24 13:16:22,BUY,83.0,2075.0,2024-07-24 13:20:39,SELL,75.0,1875.0,-200.0,-9.64
FON,FO,NIFTY,NIFTY-CE-24400-11JUL2024,LONG,50,2024-07-09 13:01:17,BUY,90.0,4500.0,2024-07-09 13:18:15,SELL,115.65,5782.5,1282.5,28.5
FON,FO,NIFTY,NIFTY-CE-24500-25JUL2024,LONG,25,2024-07-22 13:29:40,BUY,225.0,5625.0,2024-07-22 14:03:42,SELL,227.0,5675.0,50.0,0.89
FON,FO,NIFTY,NIFTY-CE-24550-22AUG2024,LONG,25,2024-08-19 12:01:29,BUY,126.1,3152.5,2024-08-19 12:11:05,SELL,119.55,2988.75,-163.75,-5.19
FON,FO,NIFTY,NIFTY-CE-24700-22AUG2024,LONG,25,2024-08-21 11:30:50,BUY,86.0,2150.0,2024-08-21 11:48:55,SELL,77.55,1938.75,-211.25,-9.83
FON,FO,NIFTY,NIFTY-CE-24700-22AUG2024,LONG,25,2024-08-21 11:30:50,BUY,86.15,2153.75,2024-08-21 13:18:19,SELL,77.0,1925.0,-228.75,-10.62
FON,FO,NIFTY,NIFTY-CE-24700-25JUL2024,LONG,25,2024-07-19 12:19:33,BUY,208.0,5200.0,2024-07-19 12:25:13,SELL,201.0,5025.0,-175.0,-3.37
FON,FO,NIFTY,NIFTY-CE-24800-22AUG2024,LONG,25,2024-08-22 11:48:01,BUY,39.9,997.5,2024-08-22 13:11:07,SELL,15.85,396.25,-601.25,-60.28
FON,FO,NIFTY,NIFTY-CE-24800-22AUG2024,LONG,25,2024-08-22 11:48:01,BUY,39.9,997.5,2024-08-22 13:11:07,SELL,15.85,396.25,-601.25,-60.28
FON,FO,NIFTY,NIFTY-CE-24850-01AUG2024,LONG,25,2024-07-29 13:09:49,BUY,145.2,3630.0,2024-07-29 13:13:47,SELL,138.95,3473.75,-156.25,-4.3
FON,FO,NIFTY,NIFTY-CE-24850-12SEP2024,LONG,25,2024-09-09 13:16:40,BUY,133.0,3325.0,2024-09-09 13:33:48,SELL,171.15,4278.75,953.75,28.68
FON,FO,NIFTY,NIFTY-CE-25000-01AUG2024,LONG,25,2024-08-01 13:19:53,BUY,23.0,575.0,2024-08-01 15:25:10,SELL,11.0,275.0,-300.0,-52.17
FON,FO,NIFTY,NIFTY-CE-25000-12SEP2024,LONG,25,2024-09-11 10:19:17,BUY,95.0,2375.0,2024-09-11 10:47:32,SELL,93.85,2346.25,-28.75,-1.21
FON,FO,NIFTY,NIFTY-CE-25000-12SEP2024,LONG,25,2024-09-11 12:04:22,BUY,118.05,2951.25,2024-09-11 12:12:33,SELL,110.0,2750.0,-201.25,-6.82
FON,FO,NIFTY,NIFTY-CE-25000-12SEP2024,LONG,25,2024-09-12 11:10:54,BUY,58.0,1450.0,2024-09-12 11:25:50,SELL,47.85,1196.25,-253.75,-17.5
FON,FO,NIFTY,NIFTY-PE-15750-19MAY2022,LONG,50,2022-05-16 13:13:39,BUY,126.0,6300.0,2022-05-16 13:26:39,SELL,130.0,6500.0,200.0,3.17
FON,FO,NIFTY,NIFTY-PE-15850-19MAY2022,LONG,50,2022-05-16 10:57:59,BUY,138.0,6900.0,2022-05-16 12:37:53,SELL,168.0,8400.0,1500.0,21.74
FON,FO,NIFTY,NIFTY-PE-15900-12MAY2022,LONG,50,2022-05-12 11:03:40,BUY,79.0,3950.0,2022-05-12 11:07:08,SELL,84.0,4200.0,250.0,6.33
FON,FO,NIFTY,NIFTY-PE-15900-12MAY2022,LONG,50,2022-05-12 11:03:40,BUY,79.0,3950.0,2022-05-12 11:07:08,SELL,84.0,4200.0,250.0,6.33
FON,FO,NIFTY,NIFTY-PE-15900-12MAY2022,LONG,100,2022-05-12 11:52:19,BUY,79.0,7900.0,2022-05-12 12:35:08,SELL,100.0,10000.0,2100.0,26.58
FON,FO,NIFTY,NIFTY-PE-16100-12MAY2022,LONG,50,2022-05-11 12:50:40,BUY,123.0,6150.0,2022-05-11 13:10:04,SELL,139.0,6950.0,800.0,13.01
FON,FO,NIFTY,NIFTY-PE-16350-12MAY2022,LONG,50,2022-05-06 14:50:05,BUY,164.0,8200.0,2022-05-06 14:56:57,SELL,171.0,8550.0,350.0,4.27
FON,FO,NIFTY,NIFTY-PE-16400-09JUN2022,LONG,50,2022-06-06 11:46:59,BUY,98.0,4900.0,2022-06-06 12:04:59,SELL,85.0,4250.0,-650.0,-13.27
FON,FO,NIFTY,NIFTY-PE-16550-02JUN2022,LONG,50,2022-06-01 12:34:34,BUY,84.0,4200.0,2022-06-01 13:58:34,SELL,123.4,6170.0,1970.0,46.9
FON,FO,NIFTY,NIFTY-PE-16800-05MAY2022,LONG,100,2022-05-05 13:17:27,BUY,35.0,3500.0,2022-05-05 13:43:55,SELL,45.0,4500.0,1000.0,28.57
FON,FO,NIFTY,NIFTY-PE-17250-24MAR2022,LONG,50,2022-03-21 10:06:33,BUY,180.0,9000.0,2022-03-21 10:50:08,SELL,185.0,9250.0,250.0,2.78
FON,FO,NIFTY,NIFTY-PE-20850-14DEC2023,LONG,50,2023-12-13 10:03:10,BUY,63.0,3150.0,2023-12-13 11:00:21,SELL,55.0,2750.0,-400.0,-12.7
FON,FO,NIFTY,NIFTY-PE-21050-14DEC2023,LONG,50,2023-12-12 14:00:35,BUY,115.0,5750.0,2023-12-12 14:45:53,SELL,142.55,7127.5,1377.5,23.96
FON,FO,NIFTY,NIFTY-PE-21250-21DEC2023,LONG,50,2023-12-20 14:15:51,BUY,63.0,3150.0,2023-12-20 14:17:25,SELL,50.0,2500.0,-650.0,-20.63
FON,FO,NIFTY,NIFTY-PE-21500-21DEC2023,LONG,50,2023-12-20 13:12:16,BUY,64.0,3200.0,2023-12-20 13:26:54,SELL,100.0,5000.0,1800.0,56.25
FON,FO,NIFTY,NIFTY-PE-21650-04JAN2024,EXPIRED,50,2024-01-04 14:29:14,BUY,14.0,700.0,2024-01-04 15:30:00,EXPIRED,0.0,0.0,-700.0,-100.0
FON,FO,NIFTY,NIFTY-PE-21650-11JAN2024,LONG,50,2024-01-05 14:27:22,BUY,125.0,6250.0,2024-01-05 14:32:02,SELL,118.0,5900.0,-350.0,-5.6
FON,FO,NIFTY,NIFTY-PE-21800-21MAR2024,LONG,50,2024-03-20 10:21:39,BUY,105.0,5250.0,2024-03-20 10:26:20,SELL,104.0,5200.0,-50.0,-0.95
FON,FO,NIFTY,NIFTY-PE-21950-29FEB2024,LONG,50,2024-02-29 13:41:01,BUY,37.0,1850.0,2024-02-29 13:54:11,SELL,23.55,1177.5,-672.5,-36.35
FON,FO,NIFTY,NIFTY-PE-22000-29FEB2024,LONG,50,2024-02-28 13:09:09,BUY,150.65,7532.5,2024-02-28 13:23:50,SELL,115.0,5750.0,-1782.5,-23.66
FON,FO,NIFTY,NIFTY-PE-22100-18JAN2024,LONG,50,2024-01-16 12:16:50,BUY,114.0,5700.0,2024-01-16 12:22:45,SELL,110.0,5500.0,-200.0,-3.51
FON,FO,NIFTY,NIFTY-PE-22250-22FEB2024,LONG,50,2024-02-21 12:45:49,BUY,100.0,5000.0,2024-02-21 12:47:17,SELL,97.15,4857.5,-142.5,-2.85
FON,FO,NIFTY,NIFTY-PE-22450-02MAY2024,LONG,25,2024-04-26 14:32:57,BUY,113.0,2825.0,2024-04-26 14:36:33,SELL,106.4,2660.0,-165.0,-5.84
FON,FO,NIFTY,NIFTY-PE-22500-10APR2024,LONG,50,2024-04-05 11:29:46,BUY,128.0,6400.0,2024-04-05 11:36:01,SELL,120.0,6000.0,-400.0,-6.25
FON,FO,NIFTY,NIFTY-PE-22700-02MAY2024,LONG,25,2024-05-02 12:50:44,BUY,41.0,1025.0,2024-05-02 12:58:30,SELL,35.0,875.0,-150.0,-14.63
FON,FO,NIFTY,NIFTY-PE-23500-27JUN2024,LONG,25,2024-06-21 13:03:30,BUY,155.65,3891.25,2024-06-21 13:13:18,SELL,156.85,3921.25,30.0,0.77
FON,FO,NIFTY,NIFTY-PE-24150-04JUL2024,LONG,25,2024-07-02 12:15:13,BUY,105.0,2625.0,2024-07-02 13:08:15,SELL,138.0,3450.0,825.0,31.43
FON,FO,NIFTY,NIFTY-PE-24300-04JUL2024,LONG,25,2024-07-03 14:00:57,BUY,91.0,2275.0,2024-07-03 14:18:39,SELL,93.75,2343.75,68.75,3.02
FON,FO,NIFTY,NIFTY-PE-24300-11JUL2024,LONG,50,2024-07-11 11:00:35,BUY,83.0,4150.0,2024-07-11 11:04:18,SELL,78.0,3900.0,-250.0,-6.02
FON,FO,NIFTY,NIFTY-PE-24300-11JUL2024,LONG,50,2024-07-11 11:02:45,BUY,71.1,3555.0,2024-07-11 11:11:20,SELL,77.75,3887.5,332.5,9.35
FON,FO,NIFTY,NIFTY-PE-24400-25JUL2024,EXPIRED,25,2024-07-25 14:46:36,BUY,11.0,275.0,2024-07-25 15:30:00,EXPIRED,0.0,0.0,-275.0,-100.0
FON,FO,NIFTY,NIFTY-PE-24450-25JUL2024,LONG,25,2024-07-23 10:29:00,BUY,231.0,5775.0,2024-07-23 10:34:05,SELL,208.25,5206.25,-568.75,-9.85
FON,FO,NIFTY,NIFTY-PE-24750-22AUG2024,LONG,25,2024-08-21 13:27:20,BUY,90.0,2250.0,2024-08-21 13:31:26,SELL,81.0,2025.0,-225.0,-10.0
FON,FO,NIFTY,NIFTY-PE-24800-18JUL2024,LONG,25,2024-07-18 14:58:18,BUY,11.0,275.0,2024-07-18 15:26:25,SELL,0.15,3.75,-271.25,-98.64
FON,FO,NIFTY,NIFTY-PE-24850-12SEP2024,LONG,25,2024-09-06 13:17:53,BUY,150.55,3763.75,2024-09-06 13:33:54,SELL,138.7,3467.5,-296.25,-7.87
FON,FO,NIFTY,NIFTY-PE-25200-05SEP2024,LONG,25,2024-09-05 13:16:27,BUY,40.0,1000.0,2024-09-05 14:22:42,SELL,48.0,1200.0,200.0,20.0
